order_id,customer_name,city,product,price,booking_date
1e8ca8b7-23b8-4e28-8c66-bda28d669ab8,Ms. Cynthia Graham,Victorland,Flight,1561,2026-03-14
e23dbd78-2100-4dd8-ae45-6daedb37737a,Duane Lee,Garciamouth,Flight,125,2026-03-24
2b4026f3-edc0-49cc-99d4-a5acb2b96a43,Patricia Dixon,Robertmouth,Flight,844,2026-01-26
de4aebf2-bd6d-4c6d-be4b-a10075cb275e,Carol Gonzalez,Port Alyssachester,Hotel,548,2026-01-25
b6fb77c4-eec3-4fc1-86ea-e6c3d766c50c,Bradley Norman,Stephanieshire,Hotel,1724,2026-04-08
3acfa84f-06d7-43f8-aec5-c18bbf1a1c2c,Kara Davis,Shawnstad,Hotel,1987,2026-03-23
f474299c-e9a7-4ee5-9d8d-ce210d0bbb93,Angela Haney,Grossland,Hotel,400,2026-01-03
fbc5f7f0-14e5-4b67-97cd-5171866af0a9,Valerie Thomas,Smithmouth,Hotel,1262,2026-03-02
395de10d-fbac-4d24-b89c-b585735970b1,Laura Campbell,East Kevinmouth,Hotel,559,2026-03-21
620a0dc9-c694-401b-8ed0-2d9e0de7be1f,Riley Smith,Gabrielside,Hotel,1707,2026-02-05
d4887dca-0909-4199-8915-7657b8f8af75,Danielle Jackson,Lake Desireeshire,Flight,483,2026-03-17
90d5ea34-511a-4217-9158-f3506947078e,Jeffrey Davis MD,Deannaborough,Hotel,682,2026-03-03
0385261f-1310-4742-8719-d05d4708f447,David Melton,Port Dawnburgh,Hotel,1136,2026-02-27
6482d1bc-ee26-4c34-b5db-48032e0611a6,Sara Scott,West Michael,Hotel,665,2026-01-08
5c1d521a-3fa4-455f-a131-b9e266f589ad,Alicia Black,Collinschester,Flight,1484,2026-04-08
f234a45e-ddba-4c4a-817d-d2d38ff18553,Jessica York,Penningtonland,Flight,258,2026-03-13
24068965-91b4-4334-9dbc-085a81bb4898,Bradley Tran,Port Shannon,Car,1730,2026-02-13
fdd72e82-c975-4562-9f3d-fcdd4643fe2a,Amy Cruz,Masseyside,Hotel,680,2026-01-24
24d36441-a8bd-4430-bc2d-3b54b5c0329c,Melanie Figueroa,East Kristenton,Car,1899,2026-01-04
25d0d402-6624-4deb-9474-13f9a8ba8fdb,Randall Hart,New Matthewchester,Flight,1609,2026-01-01
8924ad0d-e61a-47d2-98b5-7641cfac375c,Kyle Watkins,Walterland,Car,340,2026-01-06
d0b1facc-ac2b-45d8-82bf-80121a952771,Gordon Anderson,Lake Seanchester,Flight,1647,2026-02-12
29ca34af-2532-45e4-b90d-63c3fa26a320,Jason Johnson,Zacharyland,Hotel,1128,2026-01-31
44e72b3b-1d32-4574-ba92-edbd417ccd2c,Emily Gonzales,Scottstad,Car,1085,2026-01-14
1638bbd1-5a09-4862-ba3d-568e2afb57a8,Rebecca Davies,East Sandrafort,Hotel,1767,2026-02-02
96007ee3-1a9d-494f-9818-a4612411c7a4,Monica Chen,Clayshire,Hotel,791,2026-02-24
efa57b65-b159-4cd3-942d-95ef49b41fe4,Stephanie Gonzalez,Pierceside,Car,734,2026-02-23
4011462f-8639-41bf-9c1b-28e5b5ea1e2b,Brandon Padilla,South Jeffreyberg,Flight,1424,2026-01-24
220513c7-4404-43aa-8108-899353be3e84,Nicholas Henry,Williamport,Flight,1560,2026-03-22
d773ec50-119e-4e86-9f09-35e82d6937a0,Christopher Williams,North Teresaland,Car,1662,2026-01-05
69d0ad5b-158a-46ed-8598-4692b34aace5,Laura Simmons,West Samanthashire,Car,976,2026-01-09
61a46b8e-5de6-4a14-82ac-1eacd88075a0,Cassandra Roth,Lisaside,Hotel,388,2026-02-23
269df9f4-14b4-479d-a426-caf065e24704,Jose Harrison,Maryburgh,Car,1107,2026-03-14
e52c186f-a42a-42d8-ab89-890491c9628b,Christopher Mills,Vegaberg,Hotel,1510,2026-03-30
5cb7cbb3-8e86-4476-b7f2-b6db570448b6,William Richard,Williamsonstad,Flight,1265,2026-02-13
36abbe43-0278-476c-9197-96723dc86d37,Steven Gibson,Matthewton,Car,811,2026-02-28
a03a0e49-dea3-46db-9b45-3b9426d11780,Savannah Ward,Erinchester,Hotel,1606,2026-03-13
82712521-f14b-4b93-8546-f80faab9b3a5,Joshua Copeland,South Michael,Car,690,2026-03-27
90ea2315-3beb-4d99-8035-42a81f7620a3,Patrick Williams,Wallacestad,Hotel,1381,2026-02-24
4f639206-6a0b-4bd3-9e3d-ec1c51355d98,Mary Reyes,Jenniferfurt,Flight,1841,2026-02-28
786b3d51-fc5b-4f6c-92fb-d6a941df43fd,Christopher Lee,Shawnshire,Car,1776,2026-03-25
e21ef4f1-70fa-4451-bad0-3bfda42f02c8,Lindsey Wiggins,Lake Daniel,Flight,1526,2026-03-15
4ca71124-f0a2-41fd-ac42-9b1559fb9f90,Jennifer Bruce,East Benjamin,Flight,252,2026-03-12
206950fb-fde2-4607-b8de-e756e6582c78,Vanessa Le,West Benjaminburgh,Car,663,2026-03-28
6e90df17-4985-478f-8e07-80a41bde849c,Adrian Williamson,West Martin,Flight,835,2026-02-04
2551b65d-35f6-4f73-836a-88dec2a591e7,Adam Baker,South Danielchester,Hotel,790,2026-02-14
4299f945-f740-495a-9c6c-594b8d9556ba,Stephanie Ross,Nicoleshire,Car,356,2026-03-23
abc52855-d25e-4f98-b7a8-fe017274d9cc,Sabrina Greer,Ochoafort,Hotel,231,2026-01-09
259e44c8-fc6b-4bf9-88fd-f7f79268f43f,Mr. William Burton,North Richard,Flight,193,2026-04-02
8297f74a-fec9-4a93-837b-3edbfeda589d,Gary Brown,Pageburgh,Car,1846,2026-02-02
21810f31-fd0d-44fd-9d64-a83ac2ae9b59,Benjamin Johnson,New Margaretport,Hotel,552,2026-03-20
85fb4807-23a6-4e52-a45f-4a72526bbf6e,Shelly Schroeder,Philliptown,Car,669,2026-04-07
c5376f1f-0ed4-49f0-b683-da3a7d12a669,Kathleen Harris,East Juanfurt,Flight,1335,2026-01-06
cbb7f793-faf5-445c-a6e1-a19d248f1c91,Robert Reyes,Bethburgh,Hotel,771,2026-01-20
2a93e396-b719-4b80-bed6-864a8a5e10a3,Don Williams,Christinaview,Hotel,805,2026-02-16
d8f1223d-e9ac-472a-a9bf-3f05ae1dbffc,Jennifer Wells,Sarahmouth,Car,1518,2026-02-28
1779418c-fd24-48ce-8b05-772c8d9d08c5,Sandra Haley,Jameshaven,Hotel,490,2026-04-03
dce0f486-1d78-43b3-8f80-fc85a20b12b7,George Long,South Samantha,Flight,1691,2026-04-07
a5bc3546-e721-4101-8507-ccba91253740,Jared Clark,Ewingfort,Car,147,2026-01-13
9bca1eec-da03-42e2-9205-b9ed19e1151b,Robin Burke,Rosemouth,Hotel,412,2026-02-11
f929a415-66f3-4eec-8aaf-bd3891bbafae,Frank Zimmerman,Nathanielmouth,Flight,1337,2026-03-02
86c94e5c-07cd-49f6-84c3-32c38bd4e8fe,Lee Shaw,West Jenniferchester,Flight,1425,2026-01-30
8b31d68e-1694-4a5d-8e0f-42de4f8018bb,Tyler Jenkins,Bowersville,Car,754,2026-01-26
c5fe775e-9578-4195-9eca-8cb72eb9e84a,James Bennett,Onealmouth,Flight,1320,2026-04-05
181389b8-65b6-4a21-90a3-4c4e0cca9069,Jeffery Davis,Theresafort,Hotel,953,2026-01-31
e920e3bf-99c9-432b-8d24-3e9f6b631a7f,Adam Roberson,New Leslie,Car,1184,2026-02-09
5c3a7a24-da68-4215-919d-6d238decae8f,John Marsh,Port Victor,Hotel,820,2026-03-23
1a30533a-7ba0-48f4-861e-19ff2b733af1,Adam Barton,Brittanymouth,Flight,1920,2026-03-02
835e9a55-210c-414f-a738-44f5115cd50b,Sarah Cohen,Geraldberg,Hotel,163,2026-02-26
9fbfee76-0c4f-423b-8d26-45162777b89a,Alyssa Smith,Jodyshire,Car,428,2026-01-01
6391fde4-5be0-49fd-996e-a8e7c34a7850,Paul Rodgers,Hamiltonbury,Flight,1182,2026-03-05
ce4b743e-e83b-41bb-80af-44e11a79f86d,Rebecca Sullivan,Aliciachester,Hotel,1185,2026-03-17
eb4289c5-ad46-43e8-bf8a-d45f88aafe3f,Kathleen Walker,Port Kimberlyfurt,Car,1513,2026-04-09
3895cad8-3341-46d8-a148-9a3cfc1093bc,Julie Dixon,North Bethanyberg,Flight,701,2026-02-16
32eba4c8-67f2-4d77-9b54-741acd692f0c,Catherine Owens,Leeshire,Car,1365,2026-03-11
e9acfb26-7b2e-4f07-ab03-8b79c4f6aa2e,Kimberly Johnson,New Willieborough,Hotel,219,2026-01-15
f93785da-8fa3-4844-9099-ecf55d513321,Adam Rodriguez,Port Gina,Hotel,1711,2026-03-15
b750da5c-00c9-4e76-9cd1-d739734a7d8d,Eric Barker,Robertfurt,Hotel,1170,2026-04-03
6f28777b-5e55-44eb-a900-a2efc6befe20,Matthew Thomas,Briannabury,Hotel,352,2026-03-02
c0820091-40df-4daa-aea8-3ae8edf158cf,Ashley Mitchell,New Jamie,Flight,1713,2026-03-08
87259896-7737-4c25-a792-76a6c673e034,Elizabeth Johnson,Hamptonshire,Hotel,839,2026-01-23
03b316cf-ebd5-483f-96e9-8b714ecd5154,Christopher Moore,South Rodney,Car,1885,2026-02-16
f36b15ea-2f33-4360-9e51-a0549851c6e5,Tony Rodriguez,West Aaronland,Hotel,204,2026-01-09
8c095637-3c10-48d1-b6aa-542354ce6913,Alexa Contreras,Johnstad,Flight,1233,2026-03-14
78f9a1ec-58e6-4ac0-ac72-865d8f62f791,Danny Silva,Tammytown,Car,1228,2026-02-19
7770c948-e915-4368-bec7-1e7137269826,Shane Greer,Port Christopherville,Hotel,938,2026-02-28
8a43d438-14ee-4f54-b3e6-f6c0b382bf80,Lori Walker,Bentonmouth,Car,360,2026-02-17
e50db230-ecbe-4ba9-9af6-9559bc1fd158,Sarah Meyer,Cynthiamouth,Hotel,1441,2026-02-09
841dd77a-4abb-43c7-8210-92bc7bc974ec,Danielle Griffin,Lake Tracy,Car,217,2026-01-06
c1fd1535-3087-4493-8520-d226e4334aeb,Kathryn Wilson,Christianmouth,Car,1080,2026-02-25
82a9580f-ac1a-4b88-a7d5-0dcb18617c05,Samantha Braun,Port Haley,Flight,1583,2026-02-27
99c03b40-7708-43cc-8254-e693a3139538,Mr. Richard Montgomery,South Ashley,Car,323,2026-01-18
45cd5645-af56-4d05-8325-b1c58f5a501c,Christopher Jensen,Ashleymouth,Hotel,797,2026-03-25
ec606d4e-3522-4de2-925a-bb3c5627c248,Anthony Wilson,Port Lisa,Flight,1837,2026-01-02
18025ec9-bf49-44ed-9718-a419b0106ce6,Sarah George,Mcdonaldfort,Hotel,1098,2026-03-02
b488373b-4145-45dd-b9d4-aff3f3c443cc,Christopher Bell,Ramirezburgh,Hotel,580,2026-04-05
96b56d95-156d-4aa8-a5b2-254669e674c7,Eric Phillips,Heathertown,Flight,1473,2026-01-17
2248a820-60d5-4fd4-b4b2-1d5b17abe2e5,Dawn Dean,Stevensfurt,Car,292,2026-01-21
06604d5f-9b8b-47aa-b202-f80dee206c1d,Marie Cochran,Cindytown,Flight,1002,2026-01-21
0db8149b-e12b-4d5d-90fc-3ac6d2803b01,Jerry Martinez,Santosview,Car,375,2026-03-04
ce94c8c5-4eb1-4b15-902d-5410c562f529,Rachel Alvarez,North Bethany,Hotel,116,2026-01-14
ef238e6b-ba08-4d47-8baf-c0e01a8628e4,Kyle Sparks,Williamland,Car,706,2026-01-18
846a50c9-ebff-4883-89a7-debd960d5287,Courtney Leon,East Amychester,Car,1053,2026-02-16
60ca296c-ac0d-4f6f-9ea5-a7eb48e0ff82,Louis Wang,South Meganport,Flight,320,2026-03-12
9bd53473-3987-4f63-b701-f356d342e3bd,Rachel Ho,Lake Jacqueline,Car,483,2026-01-22
5676ce03-0edd-403b-b936-de0c2e8c86e4,Antonio Gay,North Jeffreyfort,Flight,1702,2026-03-18
504f4967-4f5d-4052-a302-77c64e305f9f,Daniel Martinez,Barnettmouth,Flight,128,2026-03-16
72553b60-4215-4146-93dd-99c291fd98e6,Mrs. Cindy Jones DDS,Dayville,Car,430,2026-04-05
1a26dfca-8ae8-4dbf-a57f-e3f7712a9357,Derek Drake,Kevinchester,Hotel,1396,2026-01-14
51f9a9a8-689e-4e7f-8106-3cbdac58017c,Anthony Turner,Denisemouth,Hotel,1167,2026-01-31
16e79df5-2c0d-468b-b153-fc5bde307f2f,Benjamin Martinez,Stevenview,Hotel,1825,2026-01-18
1b56220e-d26f-42be-a2f2-ebb966999233,Sandra Hernandez,Cruzfort,Car,1084,2026-01-30
753cd3eb-744f-4447-857d-9b6388f06722,Joseph Jefferson,North Johnville,Hotel,992,2026-01-19
052fa34f-00a8-4f83-b875-dc1d808a3be8,Martin Campbell,Lopezhaven,Hotel,448,2026-03-03
23d878bd-52b3-4686-ae95-2db0f7866c24,Kevin Booker,Garciatown,Flight,1574,2026-03-25
a8b51a6e-73db-4e8e-86d1-a521cd1a5855,George Lee,Lake Ronaldport,Car,1986,2026-03-11
bcf564e8-ec21-4f75-9c27-e17a07f2b57f,Joseph Murray,Stephanieshire,Car,582,2026-03-03
f00f5ca6-9b26-4c4f-80c7-d7e156b7f74f,Samantha Baker,South Michael,Hotel,1437,2026-02-08
d5614c85-8f4c-4d10-8ce9-ca59ae73d70e,Brandy Roach,South Lori,Car,119,2026-01-13
f64a95e4-9ca9-41c7-a1de-ef622678e990,Elizabeth Gomez,Frankchester,Hotel,912,2026-04-07
ed38e8a2-c966-48c0-940e-796cf5d4d756,Peter Lara,Robertburgh,Hotel,235,2026-02-03
f71d0d3a-6a2a-419a-9416-ee1dc3917a04,Mary Mitchell,Port Timothyside,Hotel,871,2026-01-20
aa74e637-cce6-452a-a5f9-6f95b3491524,Anne Lyons,Port Deborah,Flight,1357,2026-01-13
b6c3f8e0-59b6-4b6a-8c1f-6cfac9b46914,Heidi Jones,Port Alan,Car,656,2026-01-09
0d30c967-49be-4687-bbb9-eec05c3a3030,Christopher Brandt,Conwaystad,Flight,1936,2026-03-14
80b53e9f-e24e-4bfc-aa1f-c3857c0cd78e,Marie Walsh,South Eric,Hotel,1670,2026-02-15
1d46ca2e-ab0d-47cf-9e67-7329fec5cbc9,Lori Ortiz,New Nicole,Hotel,1641,2026-01-17
c528ff8b-474e-4e6d-ae55-f62583d1b71a,Savannah Huang,Kellyshire,Flight,972,2026-01-29
93993d8d-4456-4e6e-ab44-2403938d2149,Krista Ellis,Henryberg,Car,111,2026-03-09
151eb21d-67f4-4545-8fc3-bce7a50af61c,Colleen Johnson,Kimburgh,Car,1739,2026-01-08
4a300458-9724-46aa-ae02-c2af93fd8ff3,Kelly Avila,Richardsfurt,Flight,1118,2026-03-13
23c8528e-e6c3-4e09-9b85-d09d5a656b14,Alan Weber,Aarontown,Flight,1925,2026-03-31
4e10df67-7ae2-4cf9-a74a-8bb6202a03e0,Thomas Garcia,Austinshire,Hotel,1751,2026-01-30
b3fbd810-d4b8-43e6-aed8-72875104192a,Stephen Johnson,East Kenneth,Hotel,1033,2026-01-11
cd837a19-1fc8-4a48-830e-eaa1c73d4fc8,Angela Dawson,Ninaland,Hotel,1643,2026-01-31
245546dc-fab0-444d-82da-890e62281133,Robin Fisher,Marissafort,Flight,684,2026-01-08
0b870781-6512-4a3a-8d0a-5c917176e39e,Mrs. Angela Washington,Torresmouth,Hotel,1276,2026-02-13
4821e6e2-b8c1-47d7-b234-9501ea7ee741,Nathan Mclaughlin,South Kimberly,Flight,266,2026-03-09
7da2c608-2599-4e0a-ab39-2b99a2acf23f,Bradley Jones,East Paul,Hotel,203,2026-03-04
f2b579c9-681b-49d3-a6c0-c252db5822b6,Michele Mcknight,Robinsonberg,Hotel,472,2026-02-08
fd4ef77a-7136-4710-9e96-4e042ea18e42,Michael Gordon,West Kevin,Flight,360,2026-04-03
419fb761-1db8-4d11-a95c-243f279d9425,Mrs. Amy Molina,Mcbridebury,Car,919,2026-03-17
121b3bce-90fd-4ff7-801a-9c6858c90f61,Michael Wells,New Brian,Flight,367,2026-03-04
97d90c3c-e62a-46cd-b6c0-babdf758904b,Christina Carter,Lake Christopher,Flight,1227,2026-02-02
286bc9ee-ccb4-4063-aafa-06bed63dd619,Casey Evans,Smithside,Car,206,2026-01-06
3317442d-99a5-49bf-a674-86436ae98596,Christopher Harris,East Claudia,Hotel,1090,2026-02-27
36dc2ab6-7b2c-45c2-bfed-ca47f7344175,Valerie Mooney,New Tinaberg,Flight,101,2026-03-20
50ef3ae3-db7c-4b9c-a0c9-af8a97c6b2bf,Lauren Adams,Jaredport,Flight,543,2026-01-27
6f4a65f7-b811-4e89-a251-2e32291bce1d,Amy Bradley,Samuelland,Car,268,2026-01-15
91523a59-371a-44e7-ada8-68098bc37896,Deanna Cole,East Daniel,Hotel,1513,2026-03-13
8f08d511-1922-4c13-b967-752615e82b25,Haley King,Lake Maryport,Hotel,912,2026-02-16
46a8881e-073a-4c76-92cd-b46a3b78a14b,Rachel Macias,Paulton,Car,1815,2026-01-22
8baeb073-c8e5-4e8d-977a-fd94f2641842,Timothy Robinson,Marissaville,Flight,1189,2026-01-21
b1cae007-c5d9-458c-887a-b9e4a0981fdc,Charles Flores,Leonardberg,Hotel,1546,2026-01-09
0a60b1c1-193f-4498-9ecd-b1d0df91838d,Adam Guzman,Jeffreystad,Car,1247,2026-03-24
058b9ff2-668a-422a-8816-d3fd41b39e20,James Kent,North Lauraside,Car,829,2026-03-25
ae016dda-6c9e-487f-9b36-4b55cd55deb3,Patrick Rodriguez,Walkermouth,Car,847,2026-03-30
31c33908-a5dd-4e26-bce4-b5bdac605e3d,Amanda Baker,Bakerstad,Flight,1343,2026-03-18
a257a8d8-7f16-483a-b6e0-e61ae2e56acb,Brittany Montgomery,North Morgan,Car,1567,2026-03-04
fec17929-de10-46f5-9477-a24ba785c90a,Jesus Rodriguez,Holmesfurt,Car,346,2026-03-02
de894ec4-3c00-48ea-a3d2-7a6f1614d4cb,Craig Lopez,New Shawnborough,Hotel,457,2026-02-21
f373e3a1-a9de-4a68-9b51-3aca71d75f4b,Betty Moore,North Austinmouth,Hotel,1621,2026-03-18
b4516b0c-1f46-4f34-aa72-35ce5a7c6949,Gina Johnson,Brooksborough,Hotel,1082,2026-03-22
fc3c2798-21c2-47cf-b145-e4bbbe6d0662,Mr. Andrew Kelley,East Gilbertside,Flight,893,2026-02-16
6ddace8e-1e58-467c-8259-83bc59b871ac,Kevin Chaney,Thomasshire,Car,530,2026-03-30
39c7fbe1-accb-421f-b663-2dcdad7ecc62,Crystal Adams,Royton,Car,866,2026-02-07
d5984706-3996-4b5c-8703-9804e3f5bfa8,Juan Jones,Wilcoxfurt,Car,1617,2026-03-31
36353b2c-5d25-434a-ad89-387e1e869930,Terry Daniels,West Cynthia,Car,1274,2026-01-11
a4a0bfab-35ab-45ee-92bb-759ffc1f586c,Warren Beck,Lake Josephberg,Hotel,1075,2026-03-22
c2deb5cb-e27c-4bd5-95d4-ddec0c7e990e,Jesse Garcia,West Stacy,Hotel,1017,2026-03-03
21807f71-d5c5-4d81-9386-102591b4c144,Kimberly Hicks,North Brian,Hotel,1925,2026-03-28
ede41bd6-8214-49a2-949d-830dc6a41aca,Kelly Blair,East Brian,Hotel,613,2026-02-05
d6eb88ba-b2fd-4c9f-98f6-1d0e1ae111cd,Christina Hall,Colemanhaven,Car,1923,2026-03-25
14ed0434-a9e8-4cd8-ba08-10a0fe0b1793,Tiffany Rowe,Lake Matthewbury,Car,265,2026-03-23
81806a6e-565b-45e5-9d60-c148c82d5f28,Daniel Garza,East Richard,Hotel,927,2026-02-13
83743f80-5cdf-40a6-86a1-711acd4673d3,Derek Beltran,Thompsonberg,Flight,158,2026-01-21
6f053934-be1c-4d3d-ba4f-c5b01bec68fd,James Harrison,South Megan,Hotel,461,2026-02-11
efd9023f-4ece-41b8-be4b-a6050b596d5f,Janice Wilson,New Monica,Hotel,1370,2026-04-08
d81922b7-0dda-44fe-ab9b-cd431ede61f5,Michael Perry,Lake Bethany,Car,964,2026-04-02
f095358a-1d79-4f61-af9d-ac633247e7d3,Kathleen Hinton,Allisonfort,Hotel,1142,2026-02-06
24dd4449-6967-41de-a3c9-a41f9c8daddf,Kyle Carter,Ramosport,Flight,1075,2026-01-16
3fd89aad-d57b-491a-bb22-f75415e1a1f4,Richard Garza,East Elizabeth,Hotel,1192,2026-03-12
673fed3e-a5d0-4d6e-9741-61b36cd84490,Aaron Cameron,East Ashleystad,Hotel,1535,2026-03-30
9dd97da4-0fda-460c-bf3d-fa1287c13b5f,Phillip Ingram,Williamsmouth,Car,840,2026-03-16
2de9d20f-1b5c-413d-ad13-5d6cffc882ff,Eric Perez,Charlesburgh,Flight,453,2026-02-13
7acfe000-1359-4c52-8072-4e4076a8c561,Sarah Cooper,Millerside,Flight,1765,2026-03-16
0cf23981-b23e-4972-89ad-d91596c8ec09,John Green,Doyleside,Flight,643,2026-01-26
df2ef426-6336-4c5d-b713-5a8376591f7a,Daniel Davis,South Christopherchester,Flight,1809,2026-03-18
e8ce45c5-3a95-4cd6-bf0d-fac803e48632,Ian Jones,Carlahaven,Flight,1936,2026-04-09
89113204-2696-4281-bbae-5c9404a68d96,Kristy Robles,Morganmouth,Car,1113,2026-01-19
8f479034-8c35-4ef4-ab45-6b1a91810e93,Nathaniel Nguyen,Valerietown,Hotel,371,2026-02-27
a858c052-9563-462f-a3a5-ed6c94fc7e13,Kyle Martinez,Andersonborough,Flight,706,2026-02-07
fd706d3c-7dd7-425e-9628-f513a8f5ce61,Deborah Mitchell,Johnport,Hotel,1253,2026-01-28
c8366bbe-e9cb-460f-b961-afbb645ac78e,Anne Gonzalez,Christopherbury,Car,1571,2026-01-27
40e104c9-8a16-471d-9a3a-634e1d3bdd81,Joshua Hall,Carrieshire,Flight,1452,2026-04-07
92926d0a-1644-4847-a8f9-83ecc1325caf,Joseph Cortez,North Michael,Flight,1887,2026-04-07
ef55d0cf-6abd-4cb3-8467-4dfae082565a,Steven Wood,Nancyborough,Hotel,1299,2026-03-12
18217656-0d13-4de2-9fed-c5c0110081a3,Lori Fernandez,East Melissafort,Flight,1263,2026-03-20
54caed34-2693-4c6d-8525-02b3c58d68ae,Steven Miller,West Michaelmouth,Car,1171,2026-01-18
2a4b1a18-ba53-4d0b-9c96-a584a6179f84,Carrie Morton,Mirandaville,Car,1858,2026-03-15
8d5a9115-ef59-449c-8952-39660d92db8e,Sheryl Miles,New Maryside,Car,1552,2026-03-28
a03a64a7-cf1e-4aa4-a84f-59cb14d80650,Nancy Hampton,East Denisetown,Flight,1451,2026-01-18
39392c7e-d08f-4730-9a20-387c53809de7,Christine Garcia,New Michaelstad,Car,774,2026-02-21
5a58d093-cf6b-4ef7-9fd7-b6a0e202a1f7,Connie Buchanan,East Jenniferside,Car,174,2026-02-25
4adf3e22-63be-4077-99e3-93c71f4a1c27,Teresa Stewart,North Davidmouth,Hotel,869,2026-02-27
97559473-5fe7-4ef7-a5aa-87c4ddb23618,Victoria Mccoy,Lorettabury,Car,1254,2026-03-23
7114966a-450d-47a3-9ed2-331336f82ea9,Bryan Moore,Johnstonberg,Hotel,102,2026-01-01
617f6c8b-ab2c-427d-99a8-e8dd83e58987,Justin Park,Duffyhaven,Flight,1817,2026-01-01
b7e9b80c-1c8c-41ab-831f-1c10c8b9043a,Robert Owens,West Derrickfurt,Hotel,1009,2026-03-29
d76d1852-7e4e-4407-95fe-d2b91ea1f676,Patricia Roach,West Heather,Flight,1462,2026-04-01
c4800e34-9d9a-4dac-af5b-4510a4875dd2,Abigail Johnson,East Luis,Hotel,1684,2026-02-26
58360f99-1913-4dc0-a791-7ee6f9c6837d,Luis Saunders,New Cherylside,Car,488,2026-02-13
69d83ab2-4c95-4a68-ab3f-069647072956,Allison Frazier,West Patriciahaven,Flight,936,2026-03-17
5810a5e1-f837-49be-8820-f56925a9865a,Ms. Jennifer Johnson MD,Hinesside,Car,1967,2026-01-09
55f12308-74d0-487f-9be2-cd43d9bd4a08,Maria Hicks,Cherylchester,Flight,363,2026-03-03
d3e326ae-adf9-4f57-aff2-a1bf64a3151c,Sara Mitchell,Gilberthaven,Hotel,1748,2026-02-17
46f84ca3-573a-4771-83c3-6d1bdae0e7d5,Jenny Barber,West Kelseyburgh,Hotel,1924,2026-01-10
9089044d-a32f-489a-b4e8-5845eb4a63de,David Moore,Lake Leon,Hotel,1684,2026-04-01
3351ef1d-384b-4ddd-b6ad-742f107f837f,Sandra Chambers,Velazquezmouth,Hotel,1504,2026-03-11
1b985454-3269-45da-a37e-309ea828cdc0,Cathy Sherman,Michelleside,Car,1904,2026-02-12
7f8f4cfb-928f-4f96-a3fa-414cb754ac17,Samantha Sharp,North Michaelton,Flight,1463,2026-03-04
0900105c-c41a-4fb7-b9f5-a20b050d0f9c,Michelle Dunn,East William,Flight,1059,2026-02-18
f0ae9006-1136-4045-839b-5794c931da7a,Derrick Henry,Port Christopher,Car,1297,2026-03-23
33309d7a-79d8-4936-bafa-ad1c6e804fc8,Jason Garcia,North Tylerfurt,Hotel,337,2026-02-09
b0db4cfe-ea21-4c7a-9978-57be096d54be,William Pace,Grahamfurt,Hotel,1172,2026-02-10
d6826ecd-7792-4e21-b20a-ec0f99d6b85f,Jose Taylor,Jacobside,Flight,1089,2026-03-28
711ed46a-da95-4db3-b346-b3a9b10f7eeb,Austin Meyer,Wellsfort,Flight,307,2026-02-14
5198616a-f121-47be-934c-84b89d4a446a,Carolyn Castro,Russellhaven,Flight,1417,2026-02-13
cb95b0ed-b42a-4e38-bf53-17188866596f,Catherine Raymond,East Allenland,Car,953,2026-02-26
b1b27650-1391-4609-ab08-0e9d59d4132e,Tommy Gray,Mccarthyhaven,Hotel,1772,2026-03-10
975fbeba-828b-454b-85ba-ae7b44320765,Patrick Barnett,Susanland,Flight,1025,2026-03-05
b610d930-4380-4090-a38b-29ad46259ea5,Cody Taylor,Lake Philipchester,Hotel,1866,2026-01-05
a43e6b77-2c72-4d65-9ae2-1adba83edb1f,Brenda Trujillo,South Krististad,Hotel,1416,2026-03-21
cd0ab9a1-3139-4ac1-b7d4-f7b098378691,Robert Anderson,New Davidland,Car,1646,2026-01-20
6adfedf6-4670-4a3a-8a9e-99eb41b437b3,Monica Navarro,West Jenniferside,Flight,721,2026-02-24
ded80244-8ce0-4e0b-a639-6c8f3911467b,Angela Townsend DDS,Christineland,Car,363,2026-02-09
9bf9ab6b-6508-45d2-8c47-3af45a30b1cf,Michele Green,Michaelshire,Flight,1513,2026-01-27
34d7a163-3c7a-4b58-9c97-86a2db93bcf6,Benjamin Smith,Elizabethstad,Flight,1238,2026-03-31
815632b1-6431-48a8-990d-a1fdaedfcbc6,Robert Anderson,New Dustinmouth,Hotel,366,2026-03-12
db1e0845-2800-4fc1-a58a-21b1465d3626,Daniel Davidson,Port Michael,Flight,1766,2026-02-06
8aa959cb-51be-4da6-adc1-acca7e51fb84,Taylor Thompson,Espinozaborough,Flight,195,2026-03-22
28950ff5-a29b-4c56-8416-b2f2d0a543cb,David Mills,East Yolanda,Flight,1243,2026-02-01
df4da983-b7c2-4dc1-a781-28b505282dee,Andrew Horn,Port Ronaldport,Flight,292,2026-01-05
3b3c933d-5e3c-4c2d-a571-d68a975cc71f,James Johns,Ninamouth,Car,1856,2026-01-27
5443e559-d7c2-4586-94ec-a206a4231745,Vanessa Collins,Valerieburgh,Car,1669,2026-01-04
3d48dd61-5431-4e90-b64b-47385899f5fe,Kristina Whitaker,East Ryan,Flight,1137,2026-02-06
f951ba09-30bd-492f-9eb5-2b852b34c94e,Julian Rodriguez,Port Gail,Flight,187,2026-02-13
4e107dcb-8946-4cd7-9fee-f2f72850c7bf,Travis Suarez,Lake Emilyland,Flight,647,2026-03-13
6f27477f-6ee1-4779-85c1-a93c0963a359,Justin Smith,Brittanymouth,Hotel,1467,2026-03-07
85a488d3-28c2-4c81-b35c-2e9280db66df,Tiffany Martinez,Lake George,Hotel,453,2026-01-24
66b930c4-34a8-44e0-9762-2df9ed04836f,Randy Griffith,South Charlesfurt,Car,1906,2026-02-14
b26bbfcf-891e-4f7e-a60a-e101da3ce6f9,James Franco,East Janicebury,Car,452,2026-02-15
5dbc2ecf-0854-420d-94f3-6fc94f047454,Hannah Osborne,Odomborough,Flight,778,2026-03-02
2b77c8e8-8038-493a-a0f6-95d443f3ed25,Jeffrey Burns,Lisashire,Flight,1137,2026-03-09
b05a5ab7-dc95-4e9a-ad4d-74bbfca12277,Jennifer Peters,East Sandraberg,Hotel,1952,2026-04-08
4db1433b-9390-459a-9d92-87297b65446e,Megan Ellis,West Isabellafurt,Hotel,1127,2026-02-28
86681c9a-cda5-4274-bba1-58a1bf429394,Denise Nicholson,East Melissa,Hotel,1474,2026-03-01
a639ae81-b994-4e47-a972-642f6b12ecde,Linda Wood,Lake Jeremiahbury,Hotel,194,2026-01-10
89d01c58-7b43-4607-bb2e-488ba356bc4c,Brooke Watkins,New Laurenville,Car,1627,2026-01-23
900e4386-d896-41c0-8621-00cd4a98b468,John Duncan,Nelsonville,Car,653,2026-01-25
8156cc63-f50c-402d-a84e-e299578b4fa5,Michael Bernard,Port Georgeside,Hotel,1561,2026-02-07
46030060-9b53-4f57-abcc-910369d3ef68,Timothy Wilson,Lake Jasminebury,Car,1805,2026-02-02
7d1f4270-6083-4a1e-bf05-29dd0941d671,Matthew Jones,South Virginiaburgh,Flight,677,2026-04-03
5f6475db-954a-4d9c-a1bb-4556ca89f2a3,Alex Mclaughlin,Watkinsbury,Flight,302,2026-01-01
21624109-fcf4-40a9-9317-e010b14572f8,Daniel Ashley,New Yesenia,Flight,1784,2026-01-15
c3f7876d-2989-40cb-b56e-6742842b2723,Renee Wall,South Luisfurt,Hotel,599,2026-02-16
40b2fc3f-440d-4abd-9d2d-322051d18d9e,Scott Bell,South Edwardburgh,Hotel,1308,2026-03-22
0dfd9dbc-b3f4-4801-8e66-e8159c6c198f,Catherine King,Burkemouth,Car,1857,2026-03-11
75f13761-b88a-4e0d-a180-17106e0e7aa4,Anthony Collins,Powellshire,Car,877,2026-03-05
63eecd19-cd22-4b3b-a6ae-a0ab9b955a6c,Christopher Rodriguez,East Gregory,Flight,1325,2026-02-17
bb4eb50a-d638-4d70-90eb-667c353be032,Adam Wright,Williamsport,Flight,1609,2026-01-18
094c49c7-4586-4dba-b391-2468454791b1,Mrs. Laura Holt,Port Phillip,Flight,1544,2026-04-04
7f7856a7-3c38-40f7-b927-61540450520b,Oscar Miller,New Chris,Flight,282,2026-03-11
e80b8db8-08dc-47b8-8dda-3ceb975f1e53,Matthew Perez,Sanchezburgh,Hotel,1896,2026-01-07
e5453a2a-5bd0-4b21-bed2-4bb460c1dd5e,James Roy,Caseyside,Flight,299,2026-01-14
ddf0075d-7084-4e4a-ab47-9009ac272e0f,Thomas Davis,Sandersmouth,Car,1224,2026-02-16
cac0ae78-94b6-4652-ba78-05f0eb2d5d46,Misty Walters,North Amanda,Car,1224,2026-03-26
20e8263c-e7e9-40d1-a86c-53ae390d9738,Theresa Parks,Lestad,Car,933,2026-01-04
b19d2889-2dee-4ed8-b7bc-012550a37acc,Jesus Garner,Port Kimberly,Car,1500,2026-03-26
e72a2af5-7db5-4918-bc35-d50fbc8ed88a,James Shepherd,Perezside,Car,786,2026-01-06
c76a5fdb-1d5a-4805-b6c4-50c04e2e5d6b,Anthony Holmes,South Laura,Hotel,900,2026-01-31
4f2ab678-28c2-4eee-8bd8-488243e6722d,Stephanie Francis,Erinberg,Flight,1294,2026-02-10
c4d10547-1663-41ea-ab4d-f9d5c6c64ba6,Kimberly Mitchell,West Derekbury,Flight,1533,2026-02-10
c9584f63-c844-4469-8df1-bcf69530ed17,Jasmine Tran,South Robertside,Hotel,772,2026-03-14
e665a583-fc2a-48b0-932f-2f845a45ab3e,Stephanie Silva,Sawyerhaven,Hotel,668,2026-03-18
2cb15099-649f-47af-8296-2e00e3bfb779,John Bates,Williamland,Car,972,2026-04-02
95d21c09-01b1-4e99-9c67-cb06d0a44b3a,Robert Miller,Chavezfurt,Hotel,1498,2026-02-13
3efb8d2d-4b42-4ea4-a60a-cd529ffdb381,Shari Mendez,Elizabethstad,Car,1099,2026-01-08
400eef42-92ba-4aac-8949-ea302c77a0f6,Beverly Garcia,Roberttown,Hotel,679,2026-01-04
d16b3e43-8a8c-4b9d-bfce-ce9374f4d171,Connor Green,North Sharon,Car,636,2026-02-05
5a23d24a-3462-4806-8a68-d4cf7af83bcb,Donna Reid,New Robinchester,Flight,1235,2026-02-08
940112c4-69b6-4c74-ac66-f45b60273550,Brett Orozco,Lake Rachelmouth,Car,547,2026-01-25
6bfedce7-5b07-4382-9d50-c91a068a568d,Mark Johnson,Romeroberg,Car,1277,2026-02-07
9908d817-54ea-4fe2-9a88-25ce7165bc3f,Megan Hobbs,Reginatown,Car,773,2026-03-22
c5d9e170-1fb2-4053-bef8-db034bcd45cb,David Harmon,Alvareztown,Hotel,867,2026-03-19
e60f4379-0b7a-4c22-bf97-2f4005c56dcd,Nicole Ortiz,Chambersburgh,Hotel,1891,2026-02-01
34a11d0e-09c7-47c1-8962-61ee30c9ee46,Mr. Nicholas Leonard,Solomonton,Hotel,806,2026-02-25
fe3dd599-ecd4-44a9-a99e-ab0491a2ce19,Sarah Hall,Virginialand,Flight,821,2026-02-20
65a9bfbe-45be-4f1a-8b7c-3da6bf16fa46,Christina Shaffer,Port Justinside,Flight,396,2026-01-16
75646233-942b-478e-b888-6537da08ef23,Mary Johnson,Lake Stephanieside,Flight,1103,2026-01-21
fa23a0f5-c659-4177-b3df-b6a338930209,Heather Roth,Berryside,Flight,1327,2026-02-28
27c8eab9-6a71-4774-8336-1b698aa7fc8e,Monica Jones,Jillburgh,Hotel,658,2026-02-17
0dc6c656-a3d3-419e-bc20-6d3f19232377,David Murphy,Rodriguezhaven,Flight,673,2026-03-17
7cb4e502-6b97-43b0-aa16-eb7021085c2b,Vanessa Turner,North Sarah,Hotel,784,2026-03-16
21dd0e3d-b31d-4854-ae60-a1e50baf1c6f,Rebecca Taylor,West Cindyville,Car,1712,2026-02-09
9a304224-7033-4a29-88bd-89b3499d592b,Stacey Roberts,West Clifford,Hotel,154,2026-01-25
ba8599f9-7c3e-4dd4-b149-3ec28b56e6f1,Charles Davis,New Marissa,Hotel,940,2026-03-26
9baabc92-a36e-4bb4-887d-056bd4423b7b,Carolyn Cook,Mariahaven,Car,494,2026-02-09
cc5819c3-81a4-4434-8700-fe9e416f2062,Donald Michael,South Christopherberg,Car,1804,2026-03-05
1f7686ee-4f3f-4d02-885f-5906537d6c8c,Eddie Morse,Anthonyshire,Flight,645,2026-03-17
1f90b15c-40f2-416b-8f49-b271265dea6c,Felicia Gutierrez,West Laura,Car,1602,2026-01-29
d975279d-c0f6-40ac-b994-b261978df7a3,Ellen Ford,Lake Catherinemouth,Car,1403,2026-02-05
8e4f5924-b46a-4331-8e58-75e7018f0baa,Justin Howard,Lake Brendatown,Hotel,1018,2026-04-09
024deeb3-897d-4dc3-89a6-bf5be798a2de,April Moore,West Melissamouth,Flight,1149,2026-03-23
923fa21f-a453-45d2-ad96-a26b03ff7007,Lisa Arias,Lindafurt,Flight,1976,2026-02-05
45a92bfe-19ea-4bf0-8fbc-603978c95c1e,Barbara Mcdonald,Lake Joeburgh,Hotel,1430,2026-03-20
9dba8abf-5274-4158-b493-394a2011f8be,Jennifer Hardy,Coopermouth,Flight,677,2026-03-01
d3f3a5bd-a4a9-4b7c-be80-b18a7c59c6ca,Ann Grimes,East Benjaminmouth,Car,1267,2026-01-29
a8324645-a9c4-4fc6-8086-62ac1953db71,Donna Ramirez,Robertberg,Car,1939,2026-04-02
57b7b5b6-5a8b-4339-8389-1c25881ba281,Mrs. Kristine Holt,New Danielleborough,Flight,851,2026-01-20
6ef3d0b9-9007-42f8-a17a-ef19070ec07b,Michelle Johnson,East Jennifer,Hotel,1498,2026-02-24
92043d87-db18-4b43-8e3a-99d88e9bab4c,Mr. Joseph Young,Annaberg,Car,860,2026-03-28
3d16c228-f0db-4ad3-bd4d-5779b18a744b,Maria Coleman,South Robertmouth,Car,1259,2026-02-14
96a6b148-2779-4404-84fb-b39100d17cb9,Kelly Johnson,Lake Derekmouth,Car,290,2026-03-11
2bfb7270-fbed-4393-b86c-668ff1851a79,Brandon Moore,Kathrynport,Car,247,2026-04-01
bb66bfec-5492-438d-9fe8-085b009c8ff0,Paul Johnson,South Dawnbury,Hotel,665,2026-03-26
a02d2883-e5ce-401d-a54a-38627fbad42d,Jennifer Scott,Moralesport,Car,1513,2026-03-07
540d0960-01c3-4416-95b0-c49735ae844a,Dalton Murphy,East Jamesberg,Car,1930,2026-01-18
21e91a67-7314-4976-bd9f-de95ff5f5602,Mrs. Tamara Gonzales,Perryborough,Flight,444,2026-03-09
b359b4cf-0f8f-4538-94f2-22511721fbb9,Susan James,South Kellybury,Car,489,2026-03-08
b7bae7ff-1953-4ec7-92af-89ffdeca2218,John Thompson,Guzmanbury,Car,1273,2026-04-09
850977c3-2e1c-497f-9933-f59958332f72,Wesley Jackson,Jeremyside,Car,751,2026-01-08
23157155-388c-4e66-b69e-1fb2f266299b,Richard Robinson,Johnsonland,Hotel,1087,2026-02-15
852cb1af-3d67-4afe-98c4-c282778de5f2,Joseph Greene,Jenkinschester,Flight,1249,2026-03-27
df4b8b75-80bb-41cb-aeed-f02480c74b78,John Burns,Danielleport,Hotel,235,2026-01-25
d1acb3f4-a451-477f-9a90-8037b0dca468,Sarah Brooks,Summermouth,Car,1782,2026-01-18
1db18541-006a-4520-9f72-ff00a78d5e72,Christina Johnson,New Alanville,Car,1186,2026-02-19
1e578ad3-e52f-462e-ba32-ff5406438364,Bailey Wilson,Robertburgh,Flight,1492,2026-03-05
c065c95c-42ca-4293-a783-7b7ff1f385f6,David Thomas,New Natalie,Flight,419,2026-03-30
2f39b3b2-890f-4a29-9232-94e11aebbc1a,Maria Cowan,South Angela,Car,1952,2026-03-26
f29baa3d-fb87-46b2-bcb6-614d28bf9cc8,Peter Ford,Annmouth,Hotel,316,2026-01-14
61b34f4e-65d1-42d0-8434-4e3f66fbd2ca,Jacob Thompson,New Carol,Flight,1252,2026-01-13
2339f800-6a8f-4900-a5b4-cff4561f47dd,Cody Williams,Paulport,Car,630,2026-01-13
25c70007-53bb-4378-a61e-b45b52723ca8,Teresa Williams,Port Diana,Hotel,1761,2026-03-16
f7706c1c-1e8f-4bb6-9ab9-5dcd93b9df9f,Alan Webb,Birdstad,Hotel,1242,2026-01-21
b660d8ac-b51c-47b2-a906-b602cff48705,Vanessa Parker,Lake Alfred,Car,801,2026-02-10
7ca5f040-39fb-4b65-b100-cc7b9c64a1c8,Natasha Brown,Elizabethstad,Car,592,2026-03-06
99e2f779-0c28-4bef-a44c-795f6ef197bd,Anna Brewer,Aprilport,Flight,690,2026-01-13
c85c45b5-ad44-4561-a232-33a712b367d5,Joshua Tucker,Williamsonburgh,Car,1238,2026-02-01
cfab255c-7299-4325-b7f5-5bf642f8dad0,Julian Nguyen,South Eric,Flight,142,2026-03-19
36f75e9e-8af6-4ee0-9eb7-350bdc61ec99,Stephanie Gutierrez MD,Port Eric,Flight,566,2026-04-05
f138ae55-c29b-4c32-9403-90efcbdc534e,Martin Holmes,East Melanie,Hotel,659,2026-03-29
652750d0-15a0-4ff0-8b10-d595013fb177,David Flores,West Mariomouth,Car,1790,2026-04-09
ad4b4282-65d9-4a15-865b-b05038a71b64,Alexis Webb,North Janetside,Car,960,2026-02-15
38bf0bac-5752-4a84-a6c3-8c15c093aba5,Laura Mccann,Gainesshire,Hotel,1052,2026-03-21
26c75014-9092-4211-8d85-989a92d47a0f,Dennis Lopez,Lauraview,Flight,1526,2026-02-13
41782c8a-48f7-4779-8105-8be99c057240,Michael Hale,Lorettamouth,Car,1917,2026-04-03
b096988d-266c-4d0c-a1e9-68d485ba2cdb,Michael Jones,Emilyberg,Flight,696,2026-02-25
9c9eb4bb-8b78-440c-93e6-3191b85cceb9,Joseph Roberts,Marcusville,Flight,1153,2026-03-05
5b30c1d9-7fe7-4733-98e4-e206dd259ddf,Janice Camacho,West Janicehaven,Flight,1696,2026-01-16
4ca2e86b-3dfb-4f59-8d19-bd2af7418553,Marilyn Rangel,East Tracy,Flight,1255,2026-03-19
9c539122-b0b2-4896-96e1-6a76d6ecd476,Taylor Reid,Port Keithshire,Car,1887,2026-02-22
81d0e4db-71fb-42f3-822d-aee04f229f3a,Shawn Howell,Lake Sherry,Car,621,2026-02-16
56fde0f5-81d4-4092-a66c-802ae70786c4,Jason Smith Jr.,South Jodyside,Flight,1248,2026-02-18
f31976b8-118d-4afe-9ea0-a8e300fa0504,Katherine Wilson,New Connorbury,Car,509,2026-03-20
afd8d671-f484-4d94-a82c-782b490d974c,Jason Martinez,Mcgeeborough,Hotel,1245,2026-01-20
3632e458-b4ab-4028-97af-4deb520e32dc,Janice Robbins,East Michael,Flight,1959,2026-04-05
055498b7-b526-4f25-acf6-3f0acbda76c3,Amy Gross,South Megan,Hotel,1543,2026-02-07
c4462c1e-f856-4492-870d-0d4aa19ba257,Melissa Rollins,Stevenland,Hotel,956,2026-04-07
e9ad2872-8bc2-4dba-898c-7411a796f931,Michael Reyes,East Robert,Hotel,1970,2026-02-03
2ab665b0-a7c7-44a0-b7df-510e268fbba7,Randy Fischer,Carlsonhaven,Flight,1663,2026-02-13
6f14c125-967c-47ad-85e0-5955778053e7,Christine Wall,New Donna,Flight,352,2026-01-23
3e418442-7807-494e-9885-56dad9956705,Mark Johnson,Johnsonside,Flight,430,2026-03-19
1df2fa04-cd81-41bf-9832-2426048f37f5,Suzanne Dennis,West Tiffany,Car,372,2026-02-10
b698c5e4-bc5b-4b1f-9552-2e19fe06fd00,Vincent Mendoza,Longfurt,Car,1216,2026-03-08
3a2a55b9-741b-4f08-a9f1-34df4ff3b954,Laura Randolph,Stephenburgh,Hotel,1919,2026-01-22
3c642516-437a-4120-914c-49355e4487ca,Monica Graham,Smithton,Car,1755,2026-01-10
4d610897-7257-4cd1-a72a-e7f61eb1625f,Scott Williams,North Shaunfurt,Hotel,758,2026-02-06
847e0826-ec54-4048-9bee-1aec4a81a862,Jason Kane,New Alyssafort,Car,570,2026-02-10
591c0b6c-e25b-468e-85e5-bf1b0c9f3b05,Lydia Nelson,Matthewschester,Flight,850,2026-01-11
9b618bd1-bfa5-4948-8413-6210523fe830,Linda Nichols,Glassberg,Flight,733,2026-03-02
5e95be78-51be-441a-864a-4c629f529cae,Amanda Ewing,Scottport,Hotel,106,2026-04-09
3e3c9986-8b3e-4e74-a76c-07bf0371c8d7,Anthony Kirby,Masseyshire,Flight,960,2026-03-19
2ae190c5-eec3-4547-8470-31645f7d1d97,Ryan Everett,Amandaside,Hotel,1359,2026-02-21
4bdd3812-542b-492b-b16e-9ac043397d20,Daniel Alexander,Lake David,Flight,960,2026-03-24
f346dd82-fff2-497a-8a3d-2a4947c37751,Dustin Torres,Ellenfurt,Flight,391,2026-02-13
f0d47285-e3d7-4209-aadd-6da68c02edf6,Lindsey Cox,North Jenniferland,Hotel,1628,2026-03-18
61c4f0d9-b962-4e16-969f-7fc00e1a2b0e,Kenneth Monroe,East Theresabury,Car,679,2026-01-19
e2f1d6ab-41a1-4a8b-9ac1-679248a45eab,Christopher Miller,Nicoleberg,Car,1859,2026-01-28
9dd011c1-922d-42a8-be67-76b872b4a26c,Derrick Stewart,New Jeffrey,Car,178,2026-01-12
38037520-0887-4f4d-88cd-4fe245c9bcf6,Devin Santiago,West Charles,Car,686,2026-03-28
86501c37-55df-4f5f-89d3-f8c96403c75c,Felicia Mcgee,East Brandon,Hotel,1189,2026-03-15
99c5e491-161b-4432-aab6-3a86fcfc376b,Ashley Jones,North Johnfurt,Car,1822,2026-04-05
1f077ffa-7545-404b-9338-6b1463127a4d,Edward Gonzalez,East April,Flight,1299,2026-02-28
65c05974-9441-4397-9af3-af8474a385de,Andrea Wilcox,Andersonhaven,Flight,371,2026-02-16
f496f080-88a6-4bd5-9cb3-9cf6220d4ce3,John Durham,North Saramouth,Flight,1972,2026-03-11
00d11267-c071-4805-a0c9-4139bd973de2,Jessica Carroll,South Victoriaport,Car,440,2026-02-09
969fa426-2cfc-4612-a3f6-f6a5521da101,Drew Lee,Rodriguezfurt,Hotel,1370,2026-04-07
84b13bdf-b8c5-4cee-b7f9-f01019fa9a9d,Frank Wood,Port Christophermouth,Hotel,1009,2026-01-21
ce00539a-765b-4203-b4f1-82cf753995d6,Pamela Norris,Farmerton,Hotel,1639,2026-02-21
a46a45b3-29ae-4b06-b758-53fac101d841,Todd Carter,Simpsonmouth,Car,1947,2026-01-31
abbc4472-1824-4b8b-82cc-331b5586c647,George Chang,Port Davidshire,Hotel,1428,2026-03-28
71a1dc43-18c6-407c-92e0-3aef6781615c,Martin Jones,South John,Car,1578,2026-01-03
4420c145-81fe-49b6-bab0-83374baf0327,Miranda Roach,New Eric,Flight,1599,2026-01-30
f34e801c-7f92-431a-b6f6-96ef2ed63b6b,Cynthia Dunlap,Port Jonathan,Flight,975,2026-01-27
aea68f27-d2ac-45c5-a942-5ed508c6a967,Karen Mitchell,Port Billy,Hotel,1228,2026-03-05
1e1f9c08-57e3-44b2-b745-ee69a0c958da,Troy Torres,New Walterview,Flight,889,2026-03-25
e21d830a-b12c-4eca-94fc-3d672731a7ed,Victoria Ruiz,Wrightland,Hotel,1355,2026-04-09
1ef19f71-8334-4bf1-9506-81c3d7b3fa79,Benjamin Rogers,Martinstad,Flight,422,2026-02-02
b39fdb0c-49cf-49d2-b8a2-913e8ebeb119,Dennis Gill,East Drew,Hotel,969,2026-01-19
c3771f4f-0ea1-4e2d-939f-ccb741fb8993,Maurice Malone,Ruizstad,Car,1205,2026-03-22
f584d6f3-3d7d-40f1-b472-0d349de0c379,Linda Casey,Brownmouth,Hotel,1431,2026-01-13
b6a5ddee-a5b4-49ac-ad39-54d753f608d4,Amanda Franklin,South Shannon,Car,1087,2026-02-02
ae23b0d2-1705-428d-a889-30147b931e62,Edwin Roy,Port Kevinburgh,Hotel,1944,2026-04-06
f1a2a540-6a8f-4857-bb39-a1b4acdc67e8,Eric Craig,Christophermouth,Hotel,1103,2026-03-29
cbade634-60a7-45f2-83cc-86056db6db8c,Kelly Green,New Sarah,Hotel,1149,2026-04-07
b3892513-ffa4-43a7-a83d-561eb5940ac8,John Jenkins,Michellefort,Car,1781,2026-03-29
50fee55d-8a7a-4623-ba27-68533acd74f7,Samantha Jackson,Lake Davidtown,Flight,771,2026-03-31
361d1873-21f2-4c66-85bc-54b93af8fbd3,Paul Jefferson,East Brandonside,Flight,1665,2026-03-19
5d62d7c3-cfe5-4a73-ad35-e9306fd5bde9,Victoria Bell,Shermanshire,Flight,1654,2026-01-29
f745fef6-52de-4e0b-b434-dad1e2ad7f91,Yolanda Wilson,Lake Jeffrey,Car,192,2026-01-30
d460c68e-04a8-4cef-b084-768578deb5d4,Gregory Leblanc,North Dillonberg,Flight,1363,2026-03-05
6c1a46ae-041e-4ce3-a64c-423fc723f6b2,Karen Mcintyre,North Kathleen,Flight,439,2026-01-03
7f4c395f-307b-4aac-b3c0-44d0a6c5b416,Chad Moreno,West Anthony,Car,357,2026-03-25
3cf48e5e-19ec-4a90-969a-7c67003fec9e,Brenda Brown,West Ryan,Hotel,1776,2026-02-01
c1cd180c-6757-4816-86d0-62deea8cf55a,Michael Greer,West Nathan,Car,1454,2026-01-30
86607227-3f73-4921-9f43-0be58ea17ebe,Holly Davidson,Lake Jason,Flight,1906,2026-01-16
c9e32fb5-80b1-4ffa-83ae-0fc4096b8598,Juan Sanders,Kaitlynchester,Car,1495,2026-01-04
ebc2d351-c60a-41af-ae3b-8dee2b525080,Victoria Berry,Lake Albertborough,Hotel,1953,2026-01-13
88e49b4a-9bda-48fa-bbbd-a8037e97816c,Aaron Moore,Shelbyview,Car,1079,2026-01-15
c4d2e5de-ee63-4c88-a876-52f5f067ef54,Jermaine Barrett,Dickersonland,Car,1308,2026-03-08
6cd8e7af-a2fc-44ea-9bb5-155af37d214d,Meghan Garrett,East Jerryland,Hotel,1833,2026-02-28
f39c3d5f-d0a8-4e2e-b9a8-44cc87fd9d88,Terri Gonzalez,North Traciview,Flight,392,2026-02-01
31e097a7-bc58-4dde-bb41-3e11b7a54d9e,Chelsea Guzman,Jamesbury,Car,1995,2026-03-03
74ab0813-e29e-44e8-90e5-0f0c5fab33ea,Brandon White,Woodbury,Flight,742,2026-01-27
2b3b67d6-341a-4a8e-87eb-1b51d99301ff,Elizabeth Ayers,Williamchester,Car,1724,2026-02-11
af99e7d5-4c97-4712-8609-d4f73fd9ea52,Brittany Morgan,South Danielberg,Car,677,2026-01-02
57e36435-1afa-47b3-ba30-f159725dfa3e,Laura Hill,Adamsside,Car,1402,2026-04-04
63de3d8a-188c-4900-a65e-1898b68e329b,Aaron Edwards,Rebeccabury,Flight,1352,2026-02-26
48c0c562-50a7-402c-9a69-c20e44c13b5c,Michael Lambert,South Lisa,Flight,376,2026-03-07
2f6148da-69cb-449a-8033-bc6ced20f0ba,Lauren Hicks,Taylorbury,Flight,1578,2026-03-11
17b82743-520a-44bd-9ea9-965c19d51e1b,Dustin Anderson,Ashleyshire,Flight,1795,2026-03-24
c160921a-e980-40ca-b3d1-1a3f0aba52cb,Matthew Rodriguez,Jamestown,Car,863,2026-02-23
0a31e334-81a9-49a6-b061-96dfa3b2cf8c,Vicki Patterson,New Nicholasfurt,Hotel,298,2026-04-04
2ea3f68e-c848-4361-b5c4-e80597c77a5d,Erin Terrell,North Tonyland,Hotel,1360,2026-02-24
21296d75-e172-4458-b36c-1cb6201b8110,Sarah Coleman,Yoderland,Car,117,2026-01-17
af968c49-3ccb-4b20-8845-7f37c066e6db,Austin Harrison,West Jennaview,Car,1637,2026-03-11
de65d5c2-8a9b-4765-ba0c-d0221cf4a40a,Christine Greene,Calebmouth,Flight,141,2026-04-05
c8943173-12a3-4bfd-b091-928e43aa6ada,Guy Robertson,Paulside,Flight,1516,2026-03-17
0410e8eb-a4dd-47cd-b8e0-022da9f35502,Matthew Nelson,Richardtown,Hotel,1561,2026-03-02
f3c64346-33c9-4456-acba-353e50df4736,Christopher Brewer,Philipberg,Hotel,261,2026-02-10
a02ed7b2-7b5c-413d-8561-6f1bfb189e77,Billy Fox,Port Jordanburgh,Car,1877,2026-02-23
d5ac942a-4361-4fa1-8229-5f7971a9a792,Jamie Palmer,Kevinton,Hotel,1986,2026-01-21
6e780716-2824-483c-b4c2-da9c93904693,Michelle Howard,Port Sharonburgh,Flight,181,2026-03-19
3bd1d90e-5b49-40f5-ae71-79f630baf4bd,Michelle Jones,Port Brianmouth,Flight,1092,2026-03-04
55795344-3adc-4141-8737-b4e9e07675d1,Melissa Nunez,West Michaelchester,Flight,1737,2026-01-24
4b493e0c-bba7-4d4e-ad3c-b8289cf49b13,Billy Cross,Rodriguezborough,Hotel,1270,2026-02-14
f2d402c3-70a3-494a-b6e6-339d048f7ce2,Joshua Kennedy,North Ralph,Hotel,1747,2026-02-28
9f341e3e-fc28-445f-852d-c6594ecf25c8,Andrew George,New Karina,Hotel,1920,2026-01-17
cf599f17-641f-4746-8f96-1e3265754f05,Stephen Steele,Olsonfurt,Flight,1689,2026-02-06
e0b3fc94-ff47-4dea-a120-53aaae4d4572,Dawn Peterson,Fergusonstad,Flight,1162,2026-03-04
4a187ca1-95a8-4ea2-ac10-ce7927977152,Andre Harris,North Thomas,Flight,1722,2026-03-29
ab210050-069e-4a95-bf1f-89567dc9927f,Chad Gray,South Amanda,Car,1443,2026-02-13
7a993692-a234-408f-9c3e-2a4f6d0e7bcd,Willie Bradley,North James,Flight,318,2026-03-15
50c24076-7901-4a40-8f88-da6243788e1c,Teresa West,New Danielleborough,Flight,1426,2026-03-17
cfd705b7-b39c-4825-8711-028f107168e0,Sheri Nelson,West Rebeccaberg,Flight,937,2026-03-20
ebecfb2d-a28b-4e86-9c2f-c56396bc7741,Andrew Wilkerson,Lake Kristin,Hotel,414,2026-01-03
43231b48-2a81-4736-b5f4-b8e85f2d46e7,Cheyenne Elliott,New Adrian,Flight,1458,2026-03-14
9fd74bac-4663-4ea3-8fb9-a58dd0f76852,Jason Washington,New Dustin,Car,538,2026-03-04
4d39bb29-18a4-422f-bb41-4abc42d1bce5,Robin Hoover,Olsonfurt,Hotel,289,2026-01-15
1709e6fa-fdfc-4f7f-90fe-f1d739750da8,Stephen Thomas,South Claireberg,Hotel,1725,2026-02-05
6c2e58c0-8ab1-402f-b3cb-982cd501fce6,Marcus Miller,Lake Davidfurt,Car,463,2026-03-10
b4d52886-4c3f-4c02-8ba1-c48d2bb755bd,Natalie Mccormick,Abigailmouth,Car,357,2026-02-01
c82e36b2-1659-4fff-a5e1-c351f6991a22,Catherine Tanner,South Charles,Hotel,138,2026-02-05
125b7cf4-c417-42f0-b8ed-d977e664c03a,Autumn Gillespie,Andreshire,Car,790,2026-03-27
c9908583-9584-45e0-9a43-3e48174a65b4,Tracy Simmons,Lamville,Car,1620,2026-02-17
9dc96d64-92c7-4f9e-a765-734f4dd29ad0,Shelby Erickson,Gonzalezbury,Car,123,2026-04-05
aab361a6-7438-42ce-8427-d73ff31ad631,Jennifer Montgomery,Lake Jodyfurt,Car,1373,2026-03-16
1bc1aae5-a904-4ff6-beb6-94010a9bf7d4,Michelle Taylor,Torresbury,Hotel,472,2026-03-31
49434d96-fc83-4c9a-a5a1-9acc1f2bf3d0,Ryan Green,Lake Katherine,Hotel,1262,2026-02-05
eafa11fb-06b6-4d34-9a9a-4125339a0ecb,Karen Friedman,North Preston,Flight,572,2026-03-19
5eec3d46-8dc2-4e46-9e78-911de23fd272,Allison Phillips,Huntbury,Flight,1387,2026-03-03
1e2d4989-9fd0-431d-a673-d3eb9ad165f1,Ronald Smith,East Kim,Hotel,263,2026-01-11
830439fd-dee0-4370-9fb2-dfd6a6a5bae4,Adam Ramos,North Susantown,Flight,839,2026-01-31
121a4c95-ffb4-4ca1-9994-5b9b5339ee1c,Kelly Krueger,Wallerburgh,Hotel,350,2026-03-13
ccf9c3ae-431a-4876-8fc8-1e4df555fd4b,Bobby Spears,Port Georgeborough,Car,718,2026-01-30
a9bed578-e0dd-4860-9ab5-6eccb45adb70,Marie Keller,North Jonview,Hotel,1078,2026-04-03
eb981ccc-cc9a-4d73-ab2e-0c60e4aaad72,Pamela Weaver,Lake Jennifer,Hotel,1975,2026-01-09
911ac1dc-5f4b-4650-a560-fd8c11096754,Victoria Young,Pamelatown,Flight,837,2026-02-20
83993ca0-a135-4475-b002-b85273285853,Lindsay Brown,Port Jacobport,Hotel,405,2026-02-21
57ce7365-5d82-4585-a8cf-7aba1d9dc761,Phillip Newman,Port Jennifer,Car,1172,2026-01-28
f517c0cb-2768-4d78-8206-60aed9561cf2,James Morgan MD,Sandrastad,Hotel,827,2026-01-12
e5ee4b8a-328a-4afd-9d0d-635d4e286153,Katie Jennings,Kimland,Flight,643,2026-03-31
78c2e113-177b-4fbd-8e59-4add01b8811c,Ashley Wilson,Port Charles,Flight,1363,2026-03-22
e56f7c1c-0491-479a-b47d-8ff645e5d49d,Kristie Barrera,Latoyahaven,Hotel,1959,2026-04-06
7f4b183d-e80e-432f-8200-320dc10ec7dc,Tamara Weiss,Johntown,Flight,759,2026-02-27
6eebbc66-549e-48d9-97df-a166001c64e8,Scott Wu,North Kevinside,Flight,104,2026-01-26
150f33a1-b58d-4be8-b19a-bd4eb03675c1,Damon Aguilar,Port Amber,Car,1408,2026-01-08
397ce2f5-08e1-48eb-b1fd-b9577cea3a38,Jeff Weber,Port Joseph,Car,1410,2026-03-13
e53a4bd4-0d7d-4a39-93dd-155890d2f023,David Riley,Shelbystad,Car,1747,2026-01-17
78a57dc1-702f-4801-b6db-3eb32a20d8d3,Paul Stewart,East Jameshaven,Car,1867,2026-02-08
b60b5b3a-1e48-4fad-b005-9089ef0974ba,Amy Ayala,Port Jeffreyview,Hotel,1125,2026-01-02
c782db61-bb2e-4902-801c-be0f232a8ec2,Christopher Bennett,Weissmouth,Car,1092,2026-01-17
dcebf0dc-598f-42cc-a9f1-cae9d46e0cfd,Hannah Schroeder,Lake Darren,Flight,612,2026-03-03
12f29040-e390-4dc9-8d0e-b7d24c9d1c99,Shane Walters,Princehaven,Flight,720,2026-03-24
8e402748-50a7-40ac-9d10-48509dabe5b3,Kimberly Holland,Lake Caitlin,Hotel,1608,2026-02-13
e9a524e7-94ec-486f-add7-2e04528d5242,Mark Brown,Palmermouth,Car,744,2026-03-05
76654960-5aab-4999-b103-e3c2fe18a641,Alexander Keith,North Robynshire,Car,591,2026-01-13
5e92d2de-5e02-43f8-bad0-3e9159391cce,Christopher Howard,Leonville,Hotel,1020,2026-01-19
f3bf2f5e-13a8-436d-b162-db40bb7c0657,Ashley Griffin,North Corey,Flight,963,2026-01-02
0fc42f85-470c-4937-83d8-79097e66fa59,Jerry Pitts,Leefurt,Hotel,1331,2026-01-13
127e32b9-3004-4657-8a49-88c293066f2c,Taylor Smith,New Alyssaview,Hotel,308,2026-01-13
809efaa5-27d0-4eaf-bfc6-99a7a3640a08,Samuel Rodriguez,Santoschester,Car,764,2026-04-04
90c8af95-d48e-452e-ac71-d7ea134fb570,Craig Gilbert,Lake Arthurshire,Flight,1414,2026-04-06
4091697e-8369-4e6f-8f95-f4131f8d3fff,Kelly French,Patriciamouth,Hotel,1694,2026-03-20
76ac3530-55c6-4c6c-8890-125318fd5a39,Gary Nguyen,West Karen,Flight,1520,2026-04-06
f230f004-61fc-4d3a-b5e1-e1c87b823f1a,Ann Taylor,North Alexberg,Hotel,1992,2026-03-27
f3caba0f-9852-4887-9a50-a93b10aa7905,Michael Zamora,New Angela,Flight,905,2026-02-14
e4003a33-7691-4c80-b065-1798472739f9,Martin Lee,New Angela,Car,546,2026-01-20
1c27bdf0-0361-4015-83e0-32da4ee66a76,Brian Walters,West Abigail,Flight,358,2026-01-26
16ba6a06-f55c-4266-a1e4-698b9af3b867,Calvin Cervantes,Perryfort,Flight,1221,2026-01-29
36fc26fc-9c83-4268-b5bb-37bb481296f6,Aaron House,East Sarabury,Hotel,814,2026-03-04
37381d34-1224-4535-a84f-30d4920d421c,Jeffery Anderson,Robertside,Hotel,146,2026-04-05
64557ca2-ace4-4685-96c9-dfc609c723be,Robert Harding,South Daniellefort,Car,1291,2026-04-05
db208f31-5957-4a11-98da-218fd9dc2118,Samantha Murphy,New Jason,Flight,239,2026-02-06
59c360f8-1d91-453f-8b2e-c983b690c5b8,Jason Torres,South Daniel,Hotel,1736,2026-02-11
10630360-daf1-47e3-8d1c-58912c91c08f,Andrew Martinez,Port Thomasside,Flight,1600,2026-01-26
e7690444-9697-476a-a089-0dccb7553d71,Katie Gallegos,Samanthabury,Hotel,1837,2026-04-04
a60761d6-ccb0-4952-bf0a-3c23f45c6d6c,Tina Smith,Harristown,Hotel,557,2026-01-22
68257540-9751-4b50-9a4d-00b9db048cad,John Clark,West Andreville,Hotel,1890,2026-04-01
b4401348-4642-4a51-a345-6883793582c3,Kenneth Allen,South Kelly,Car,526,2026-01-05
e4cf67bb-a7ec-4301-9b44-d04d47a119c6,Kyle Yates,East Alexandermouth,Car,1222,2026-01-16
a9bdfcc1-caad-412d-88ee-e827ba92e545,Rhonda Trujillo,Gallagherhaven,Hotel,481,2026-04-08
0cb9b916-e4d8-4059-8561-96a849c137d9,Tracey Torres,South Raymondland,Hotel,361,2026-01-22
a2d5ca5e-2aa5-42df-88a4-c47b88270e59,Hannah White,East Joannamouth,Car,471,2026-03-08
39d6c069-c1ff-431f-bb40-f1e3d78f1f16,Mrs. Monique Hernandez,Stewartside,Car,670,2026-03-20
c7810cd0-aa07-4961-afed-ed70df64fa68,Karen Martinez,Hunterburgh,Flight,598,2026-03-26
2b71d49a-8c64-4da9-b0e0-aa38e5750006,Elizabeth Perez,South Robinburgh,Car,648,2026-02-08
3add64c7-4aed-4f13-ab05-6731acb2227a,Dan Calhoun,Stantonfort,Car,886,2026-04-03
3f49eb5c-a418-4f82-9f46-6eeb26cdebb8,Elizabeth Wilson,Susanberg,Hotel,835,2026-04-02
4600a3cd-618b-4191-ab56-98bdbc07eaaa,Dr. Anne Castro DVM,Brendahaven,Car,761,2026-04-04
60954da1-71ff-4702-acf8-b616fbd20c7c,John Black,Victoriamouth,Flight,502,2026-02-03
16f7aec6-5f89-4b4e-af61-983e7f641b5d,Jackie Morton,Pittstown,Car,1331,2026-01-21
50210bf1-0bda-44fa-b8aa-e1ecea2c062e,Kayla Johnson,Danielleborough,Car,965,2026-02-06
359d9606-2f27-45b9-8420-7a23901247fa,Lauren Gonzalez,Bullockfort,Hotel,1935,2026-04-09
0e7575b4-feb6-48cb-91a0-d760f4adb5af,Karen Vaughan,North Douglasville,Hotel,137,2026-04-09
4ec83724-7990-4e36-b61c-4d1f2f621140,Robert Coffey,Victoriaberg,Car,1585,2026-01-12
3b5f4b00-0e22-4586-b185-7aaff4a61f25,Manuel Smith,Simmonsville,Flight,1362,2026-03-09
be8e65b3-dfde-4718-87b8-54de9db380c5,Tami Castillo,Deanville,Flight,1529,2026-03-07
3f987917-0ee0-4cd2-893a-f564fc1f9fd5,Annette Carpenter,West Dominiqueville,Flight,1347,2026-03-20
34eb5944-5529-4a75-ad07-527ddd80d4b1,Diana Myers,West Carmenshire,Car,1998,2026-01-05
2f3e0ffe-8c03-4cf6-b3d5-7fcb7a27b54c,Paul Roman,North Kelly,Car,1567,2026-03-01
3478ab9e-bf7e-4bc2-b9f3-44d3acf2922e,Kevin Bell,Port Rita,Hotel,1137,2026-01-01
1a482475-78be-456c-906c-87ce2bbfb70f,David Miller,South Courtneymouth,Hotel,1467,2026-02-01
46ece28f-aafc-4ec8-9363-065406a3588a,Derrick Gillespie,New Jose,Car,631,2026-01-07
a95c0ba6-4bf5-453e-89ba-df188007c4a0,Erik Torres,Christophertown,Flight,1884,2026-01-09
0ddf3047-e4e6-457f-bb90-ac995b267748,Benjamin Roberts,Hansenstad,Flight,110,2026-03-30
57f99f48-17d3-4d5c-a6d9-003a8f707b89,Jerry Vaughn,South Greg,Hotel,783,2026-04-09
0b54a50a-b6db-4dd7-804a-a553c09e8aa1,Deborah Lawson,Jeanbury,Car,724,2026-04-09
46565dd0-a663-411e-8954-142bc1e434d0,Justin Fry,Jonathanmouth,Hotel,997,2026-04-09
96afa447-eda1-40a9-a401-ebd7d1109dfd,Travis Wiggins,Davidview,Car,1854,2026-01-10
c1000dc1-e4cf-4bcc-9e30-e9f2ce5bb4b8,Heather Horton,North Timothychester,Flight,351,2026-01-01
0b282954-7d06-462f-94f1-2431a103ff66,Jeffrey Reese,Suzanneview,Flight,844,2026-03-28
9aad9cca-553e-4077-97d4-2f75f8270cd2,David Keller MD,Alejandrabury,Flight,1501,2026-02-22
3a241b6b-ac19-41bc-ad80-1d46b14729ae,Christine Randolph,Port Danielle,Flight,1257,2026-03-14
e3c5014c-1d92-4c2b-833b-761b519928f3,Andrea Estrada,Lake Michael,Car,788,2026-02-19
90bfafbb-0edf-4750-935a-e32fc312482e,Brenda Smith,North Nicoletown,Hotel,1560,2026-02-23
a5a798a1-df5e-40d9-bf2f-4223d34f8dd4,Brandon Key,Port Sean,Car,1471,2026-01-13
697f8587-3705-4141-a3c6-efd854e171c8,Wendy Bartlett,Whiteport,Car,1750,2026-02-24
3b7cda57-f0b5-4f67-b27d-0063a465d18f,Ruth Khan,Scottton,Hotel,1942,2026-02-21
6ff98c61-eec7-472e-a048-1a59a4cb06db,Rebecca Romero,Campbellside,Flight,978,2026-02-09
c55e3c88-8faa-4557-9bc1-7d9a04abbe84,Brian Bowen,New Heidi,Flight,438,2026-02-11
a53b8c6b-e978-4f23-8d74-bd27593c9ea1,Kimberly Daniels,Smithhaven,Car,1267,2026-01-23
20b8d49d-173c-4a1d-8590-1f421ed05361,Anthony Cole,North Jennifer,Car,1448,2026-01-14
562c4a70-977a-4e83-a5a9-5bf35bcd7ff4,Michael Mcdonald,Brittanyberg,Flight,1102,2026-02-12
be86b074-dc00-464d-a057-c58b44c892de,Brenda Rios,Port Laurie,Hotel,1705,2026-02-14
007c5eee-cbb1-471f-9656-f2c22e7f4e85,Mrs. Jaime Palmer,Stevensburgh,Car,1822,2026-03-18
62ad0b0d-80e2-4ad1-a7a6-59b921789d3a,Dr. John Elliott,New Brenda,Hotel,1113,2026-02-27
b02292ee-900c-438b-b422-ce1dae60ef6b,Robert Reyes,Port Elizabethberg,Flight,971,2026-01-27
fa23ba08-cc54-420c-ab36-7af972445fa0,Patrick Cuevas,Delacruzville,Flight,1154,2026-01-10
a299bb1e-aa17-4f98-a4ac-2e5330603cd8,John Smith,East Carolynport,Hotel,616,2026-03-17
f2a5e6b8-efe0-439a-97ba-bfb3e09cd3e0,Brooke Gill,South Kevinchester,Hotel,610,2026-01-07
72c62a58-97eb-4c65-ad37-103a9afaff16,Ashley Rodgers,North Alexandra,Car,1887,2026-01-17
93221870-6ec1-4ec6-b9de-0fc508845f6e,Michael Meza,East Emily,Car,1971,2026-02-25
fa044ee0-5be6-4259-b2fb-717d3723dc5a,Troy Gibson,Solisfort,Flight,565,2026-02-08
a9db86eb-a9aa-481d-ad65-d20bec89d440,Brianna Hart,New Kimberly,Car,374,2026-01-23
bbdc9783-d6e2-4987-bad7-cd5ed16cdad9,Debra Faulkner,Robertbury,Car,334,2026-02-15
ba57c207-92e4-4344-97f3-a9d7645d63ce,Casey Flynn,Liberg,Car,838,2026-02-22
b3657197-dea3-4361-b475-cacc10722a65,Matthew Richardson Jr.,West George,Hotel,1802,2026-03-19
3bbe62bc-13ee-4b2c-ad2e-7134c3c46687,Carol Miller,Susanport,Flight,1050,2026-03-28
7e1579a2-600a-4ec3-848d-c6bf6ee2170c,Karen Gregory,West Michelle,Car,1671,2026-02-02
fb1a53d5-013c-4e9e-a699-973a39067652,Michael Pugh,Levineview,Car,604,2026-02-26
0540991a-9e54-4d01-a233-8944a28b34f7,Rachel Stephenson MD,Pettytown,Hotel,1212,2026-03-04
442a2914-e36c-4b4e-9839-8f6525e7a6a6,Austin Parker,Lake Andrew,Car,690,2026-01-06
411d3551-e64c-4358-bc4a-207137d8a833,Randy Nunez,South Aaron,Car,1872,2026-02-18
ba596957-0ed4-4ec9-8d26-73ce5f3e8ed0,Joe Hamilton,Port Donna,Flight,859,2026-02-22
ae722d0b-4165-40f8-aab2-4ead85545d87,Michael Davis,East Nicole,Car,1401,2026-01-11
0f21cf04-a6ff-456c-ac6e-ec303bca5fa5,Margaret Newton MD,Paulstad,Flight,1601,2026-03-25
16350b85-0503-4e23-9ef6-df056f13b2f0,John Marquez,Bauertown,Car,327,2026-03-26
d76aa677-8116-44ff-8a75-b5c27cae254a,Ryan Miller,Daytown,Car,1873,2026-01-04
0a46a0f9-9e42-4a98-b290-b47ad1cd29d8,Gregory Black,West Kevinmouth,Hotel,531,2026-04-07
666b6309-a24c-4685-93d8-e013fc981827,Eric Boyd,Millermouth,Flight,1198,2026-04-03
89804ae1-7c6e-4f0d-86c7-50fbb5616ace,William Smith,North Kimberly,Hotel,638,2026-04-04
e515f4e4-a5c9-421d-8b89-71f57fcb6f99,Ronald Roy,North Victoria,Hotel,1700,2026-02-25
a4e3df01-a3b7-429e-b081-b303ab273929,Michelle Rodriguez,New Ryanton,Car,301,2026-03-29
22106ed1-efa3-46a7-b078-79f3ba0c6a18,Andrea Pennington,West Barbarabury,Hotel,1038,2026-03-30
654b01f1-c03e-491a-b1ad-66ad60ecac02,Kathleen Williams,Johnsonshire,Car,1900,2026-03-28
947e9e5d-971e-46de-9daf-7807ac131aa5,Ryan Love,Port Marie,Hotel,1540,2026-04-02
44a6b26a-d83b-4eea-8f05-a4106ba32327,Jacob Flores,Port Sherry,Car,1577,2026-02-25
e78b65d1-203e-49fc-833c-cc2ff2e64294,Jordan Lynch,South Rachel,Hotel,637,2026-02-16
7bd2bab3-2204-4975-b2fc-a2c59419a95f,Jessica Jones,Saundershaven,Flight,1203,2026-02-04
9e6eb996-3d10-4a30-9ec0-eca2108cf0ac,Sarah Bryan,Jessicaland,Flight,501,2026-02-11
aab7b1f7-be6f-49f3-986a-d892b157a62c,Linda Schwartz,Jonesview,Car,252,2026-01-12
bac8f0cf-9c3f-4cef-91e7-9885767cda50,Hannah Todd,Bernardborough,Hotel,217,2026-01-10
7f3f9bfb-9d0b-4dee-8721-b2e8da93a248,Pamela Mason,Warehaven,Car,1675,2026-03-27
9fdebf80-8ecd-4803-a791-5201ba5b6f8e,Lindsay Garner,Donnaview,Flight,1332,2026-03-26
960a3bf3-278f-47a6-89fe-8cf52607b956,Robin Walker,Valerietown,Hotel,1064,2026-02-07
fc0d03d6-e19b-4f75-809a-519e6e777d8c,Nancy Faulkner,South Cynthiastad,Hotel,204,2026-01-19
112cf200-d685-4af5-bf5d-ed3b92ab9886,Kayla Bell,Sextonberg,Car,108,2026-02-27
259de0aa-6805-41bf-ac62-3d91057fc7dc,Teresa Jones,Donaldstad,Hotel,829,2026-03-21
eda9bc40-dae7-4efc-9d4e-374c051360ae,Emily Lambert,Lake Tiffany,Flight,1594,2026-04-04
ea951b77-c183-450e-829c-d5fc5f0bf452,Emma Mcpherson,Port Mark,Hotel,534,2026-03-07
a17711ed-c0f7-438a-ba8a-7d203043afea,David Schneider,East Gregoryborough,Car,1799,2026-01-16
ce4e4e6c-36f3-49ad-b6d1-83d8909d9325,Mrs. Patricia Andrews,Rochahaven,Flight,247,2026-02-02
288480e6-2181-4340-b7ab-94d08212a0fe,Natalie Parsons,Hillfort,Hotel,1165,2026-03-15
fb0521d5-e40a-4184-9c28-274470e385c0,Jordan Nielsen,Stephaniemouth,Car,1048,2026-02-18
b2cbd44d-f241-4f0a-85c9-977becb35d0f,Robert Winters,East Tiffany,Car,611,2026-03-15
13d07141-6c16-46db-885b-4b2de1a86df9,Heather Henry,East Sarah,Car,210,2026-03-25
fa50aa0c-f31a-4696-b0f0-d32e4d6b825a,Eric Krueger,South Christopher,Flight,280,2026-03-29
bf80fc3e-565d-479c-ac34-ccc47fad335d,Anita Gonzalez,Josephshire,Hotel,1683,2026-03-22
077c3fa0-a3eb-407c-8fcb-28801746eac6,Tyler Gray,Destinytown,Hotel,1565,2026-01-23
838c16b2-fdf5-4ac0-b25e-9dc696b3b299,Yvette Martinez,Albertburgh,Flight,385,2026-04-09
8f8473c6-8cc8-4028-9f97-1ae4fd7bc9cc,Terry Spencer,New Scott,Hotel,240,2026-03-23
444c8be1-4ba6-4f45-9f0a-6537683749dc,Mr. Paul Alvarez,East Alexiston,Flight,667,2026-03-28
143a6ac9-0d92-46a0-bacd-4f43729f9c5c,Sarah Johnson,Morganmouth,Flight,212,2026-01-18
2f076197-9242-4c24-ad13-94d2e264d217,Jill Mccullough,Jamesbury,Flight,1809,2026-02-09
9e6faad5-d336-4719-afa6-b1431f282813,Ariana Wells,New Devonborough,Hotel,996,2026-03-22
d0907c57-5333-4a6c-81d9-0f0c67598e7e,Kathryn Alvarez,Perkinstown,Flight,1870,2026-02-14
9a1d02b9-c828-4011-a0d5-6082b30cbf5f,Misty Miller,Davidsonhaven,Hotel,1619,2026-03-09
80a474fa-cd64-44ae-8acc-f5b09437fdf1,Frederick Salas,South Todd,Car,1922,2026-04-02
4f5764cb-79bb-44c6-8d0e-90fd233d4c8a,Michael Thomas,Taraville,Flight,104,2026-02-17
584f07e2-9346-41ff-bbc4-3e716e8cb6a1,Stephanie Curtis,Ericatown,Car,616,2026-02-21
340c6ea8-8087-42c1-8ff2-7c329467d16f,Scott Stephens,Thomasfort,Flight,339,2026-01-02
7f3026ff-1123-4fc7-946c-de3a5dd7d403,Mark Gutierrez,North Nicholaston,Hotel,775,2026-01-29
37453760-0ecf-4388-b65b-0da2554045f0,Heather Barnes,West Roberto,Hotel,1461,2026-01-06
fa9f5105-d1eb-4c94-9c39-4be86fa3fa9d,David Ferguson,Braunfort,Car,1659,2026-03-22
4e8f7213-3612-46d4-ba4f-1135e80f626e,William Williams,Andersonborough,Flight,350,2026-02-17
c5684242-f1d9-4b65-8c42-4d0556106d3f,James Anderson,South Jimtown,Car,1617,2026-03-26
d7ee2e01-1118-49af-aa21-e9e53984fc14,Michael Robinson,West Phillipside,Car,803,2026-03-05
182ab88b-f633-41e3-b38e-7a201f59e3f0,Joseph Marks,Stonetown,Car,1650,2026-02-04
3ede5dd6-34f0-47d7-81a7-8b0c03c30d2c,Doris Williams,Jamieburgh,Flight,713,2026-02-11
71d30ccb-270e-49b9-a185-48282d6d43a6,Jennifer Carroll,Millerton,Hotel,259,2026-04-07
218e12c4-db4b-4a56-9aa9-147c6676d042,Eugene Kirk,New Brian,Car,1891,2026-03-01
9c804d7f-38fa-441d-b607-906bdc0d2024,Eddie Meyer,Rayfurt,Car,1111,2026-02-07
21779385-3243-48a5-8b8e-f1dd8a161fc9,Christina Williams,Jonesberg,Hotel,1079,2026-03-07
e449bae5-95f3-4345-8b69-c643671b1e0f,Adrian Cruz,Mariaborough,Hotel,1308,2026-02-01
87166da2-42f7-40e8-905d-4e19b2da4e97,Erika Gonzalez,South Christopherport,Car,1806,2026-02-28
fcd59571-80dd-4d38-aca5-7cfe2ac936ac,Sean Rios,East Bradley,Car,1735,2026-03-13
0a6fea90-2810-4306-9c6e-32f14b811af5,Beverly Palmer,Port Deborahberg,Hotel,493,2026-02-05
6d1151d0-1fd1-484a-985e-2aa2f0b9f35e,Andrew Scott,West Ashleyfort,Car,1754,2026-02-22
7d040126-2b69-410d-a243-785ad3c38fa0,Jenna Huber,West Anthonyshire,Flight,813,2026-01-27
597be788-e0f9-494e-bd44-2fd138c3904b,John Sanders,Lopezmouth,Hotel,831,2026-03-25
f625ed95-3573-4d19-b0db-576b4857882c,Sophia Berry,Luisburgh,Hotel,357,2026-03-08
72d011c8-68ec-4100-8735-02cb360f38d8,Dr. Rachel Cameron,East Victoria,Car,922,2026-03-18
381d693e-a4f9-4096-a252-a1d8f511426b,Laura Duncan,Julieville,Car,1958,2026-02-11
6e450927-718f-469e-b4b0-16245e14a00e,Tara Parker,East Benjamin,Flight,323,2026-02-10
c0b0f7a1-c5da-40cb-8898-aed8219c2e12,Bradley Steele,North Daniel,Car,479,2026-03-02
bc02ac61-d015-4663-9a3c-547be6ed6491,Tasha Schmitt,Karenmouth,Hotel,236,2026-03-07
5dc4d41b-2a07-4120-97ec-1e20caff1f76,Amanda Reese,Lake Jessicatown,Flight,1478,2026-02-23
a3976234-4263-4390-b6e1-4360a9410dfc,Stephanie James,Henryshire,Car,948,2026-01-30
132f1333-9c17-4195-a7a1-50e32fdc7deb,Kevin Graham,Smithside,Flight,893,2026-04-02
ed021fbf-2ad6-461a-a051-63451d50e5c8,Daniel Smith,Port Ericshire,Car,1017,2026-02-04
16991e84-22ff-4006-b246-c89dfdb353d4,Kimberly Allen,West Jodishire,Car,1264,2026-01-17
612e6cd8-73b5-4899-b8f6-7546f6dab592,Monica Moore,South Gregoryberg,Hotel,161,2026-03-21
7279b2f8-167a-436a-b193-801deca841ef,Mary Flores,Port Ryan,Hotel,1713,2026-01-08
9b698096-43f0-4e2d-9169-fdd4151d4e27,Debra Smith,Kathrynhaven,Hotel,1615,2026-02-18
4a736a16-126a-4995-a000-ada5ed21936d,Raymond Robertson,East Terrimouth,Car,944,2026-01-10
b1e4b086-063c-4282-9668-f4b23f0714ff,Kenneth Williams,South Brittanystad,Flight,776,2026-02-07
451c3504-2043-47c7-94f2-ea8d6731de8f,Nathaniel Johnston,West Raymouth,Flight,464,2026-04-04
2dacb9a7-24e0-418f-8ca1-751ef3e5456a,Thomas Bennett,Robinsonhaven,Car,1832,2026-03-24
b558566f-9f53-490a-96a8-105cad0f4d67,Ruth Cunningham,Nguyenville,Hotel,665,2026-02-12
654e67ae-f8bc-4a75-9ca9-a9296569d4f1,Timothy Martinez,Gonzalezville,Car,746,2026-01-12
36711beb-b5c1-4deb-90de-2bc29a2ecf57,Christopher Meyer,Nicholasmouth,Car,1753,2026-02-26
076de575-3f10-4858-b2a6-5dd69ca27788,Kimberly Bowers,Lake Manuelbury,Flight,1296,2026-01-31
2e95e111-d20c-4456-92ce-5a29a8fa885d,Christine Turner,South Jennifer,Hotel,709,2026-03-24
aa112ad2-a69a-447a-9096-99a1e305160c,Melissa King,Keithview,Car,274,2026-03-29
d9ebc2c0-c424-49e3-9652-543783e5488c,Jennifer Frazier,East Johnnyborough,Flight,1533,2026-04-02
a2dd54cd-b5c7-4182-adc9-bc522dabd76b,Adam Sanchez,North Gregorymouth,Flight,1983,2026-01-19
2c865817-e253-4b05-8c3d-05bd62f0863b,Veronica Benson,East Christinaville,Flight,1170,2026-04-06
48094783-5b9f-4ed9-8a9c-00f32487fcdd,Roy Berger,Walshside,Car,1607,2026-01-20
95d0ed5f-2c23-40c2-b9ce-074d8e5b5088,Amber Herman,Port Michellebury,Car,1637,2026-03-07
8fca24fb-3239-4071-bf83-7665b70399b4,Aaron Henry,East Cynthiaview,Flight,1670,2026-02-15
088b55fc-3be2-414a-b36a-001d1f7305de,Lauren Logan,Carlsonton,Hotel,169,2026-01-10
457950eb-a7c3-44ee-9e4e-c68acb87d721,Anna Lewis,South Stephenmouth,Flight,896,2026-04-04
5a4fa7e4-3824-46f3-89d9-9b508534df95,Brenda Mcintyre,Lake Austinmouth,Hotel,1544,2026-01-27
8641b525-5e7b-44e2-a15e-15dec7aa5d19,William Johnson,East Jared,Hotel,1645,2026-03-13
88bd85ae-af6d-4095-bf20-7503555432d3,Vickie Hunter,East Katherine,Car,718,2026-02-16
9afe67c6-8b1a-45d3-aed3-882745a7f842,Patrick Johnson,South Samantha,Flight,291,2026-03-03
0f740eee-4625-4176-b2ee-27c8995c5dad,Courtney Carter PhD,West Jennaview,Car,1265,2026-02-11
bc4e977a-7648-40cf-9669-22fbd73369e6,Jeff Carpenter,Marksberg,Car,1362,2026-02-19
5ed4b48d-e870-44ed-aea2-5ff4ee06abc9,Walter Nunez,Westville,Flight,949,2026-01-10
e0e7e95b-21f1-405c-8d58-a30bca0e0168,Donald Jones,South Veronica,Hotel,1336,2026-02-05
77ebf295-9c73-4877-a2cc-629003a33437,Lorraine Smith,Michaelshire,Flight,886,2026-03-02
606b1283-635e-4ae2-9247-0c89bf76a413,Tyler Webb,North Kylefurt,Car,1888,2026-04-01
ec0e95ce-21d2-4847-9ee7-1a0c5aee4637,Daniel Allen,Port Christopherland,Flight,1640,2026-02-01
5501c555-7d76-4f28-9648-f68a35595b42,Eric French,Lake Kevin,Flight,510,2026-02-02
fca81fbc-1af4-45c6-9739-c46157c38fa7,Susan Robertson,East Joyceborough,Car,146,2026-02-08
87615cdf-5ed2-4343-9c5c-0904a6302bef,Diane Chavez,Denisefurt,Car,1996,2026-01-15
343321da-033a-4533-b8a8-529b632bcd30,Antonio Perkins,Carterfurt,Flight,216,2026-03-16
6551bb57-7f25-4837-a9a8-6effff99f291,Elizabeth Reed,Christianborough,Hotel,530,2026-02-23
1ba58630-6622-4ae1-adaa-160c47f49596,Eric Washington,Drakehaven,Hotel,1729,2026-01-29
2688a465-369e-4605-a69c-748bb35cce0f,Matthew Palmer,Port Josephside,Flight,881,2026-02-05
ec39211c-0b6d-4dce-a3a5-37ad45eb9171,Jennifer Williams,Lake Stephanieton,Flight,764,2026-02-16
dc990387-2492-4b82-8fc1-81e3e2142ee4,Kimberly Kirby,New Gregory,Hotel,236,2026-03-01
9a8ba1eb-66ab-4d1c-9b50-7de5b9bba023,April Ross,Port Toddview,Flight,281,2026-02-27
ba6ab9df-a2e8-449f-a475-cee48d656e3a,Christopher Rice,Tammyberg,Hotel,491,2026-02-20
7f35e049-c9cb-4db1-81c4-06f4ba9bee7d,Robert Brown,Gardnershire,Car,1465,2026-03-27
658fd70e-ed93-4531-9ff0-0374e71b9b96,David Robinson,Matthewmouth,Flight,862,2026-01-22
d4a7ca47-7ca0-4a7c-b953-c637c2361a46,Kelly Wright,Josephmouth,Car,1924,2026-04-02
9f47619b-bf8d-414d-8be6-00af8dad0a9d,Savannah Nelson,Sandersville,Hotel,228,2026-01-05
163de062-ee56-4e4a-b201-1f97a2f78eda,Michelle Brown,Wilsonland,Car,247,2026-01-30
f7801510-1afe-451d-862e-824636fa7105,Alejandra Wood,Perryfurt,Hotel,544,2026-02-09
f4399469-f285-4462-bd98-d94ef78c522d,Gina Jimenez,Diazburgh,Car,1438,2026-01-22
57b3d274-8834-4b70-bafe-8a154b9207e0,Kristin Hancock,West Karenland,Hotel,1765,2026-03-25
0f631a05-f6a2-4c8a-b80b-37f8d91fc8b5,Louis Lopez,Watsonberg,Car,644,2026-03-01
1a5d3a06-f8ba-4079-b186-b84104f2a64b,Deborah Mcknight,Port Ricardoshire,Car,435,2026-02-13
2bcdce3a-ad94-4a07-b44a-87b04ae2ba33,Bryan Garner,Smithville,Hotel,136,2026-03-21
64d436ec-b3e6-49ba-8b0c-bddf0b75e3d3,Jasmin Turner,North Mitchellstad,Hotel,1562,2026-03-08
a0999abb-0ddb-4f86-9468-910202aae56f,Charles Taylor,Lopezborough,Car,681,2026-01-15
eec6daee-075f-44d0-8756-49b04b7e9895,Laura Roberson,New Earl,Hotel,250,2026-03-26
0eb50350-be37-4c97-aded-cd85a1549805,Tamara Anderson,Lake Johnside,Flight,1406,2026-02-21
b20c4e5e-7fc7-4321-a40c-264ac7e21fcc,Mark Cannon MD,West Matthew,Car,337,2026-01-13
fd238b98-c772-4c68-b356-b2e519215757,Christine Williams,West Oliviabury,Flight,810,2026-04-04
7ea644f9-4c7b-48f3-8aca-885df1b5e186,Deborah Rodriguez,Thomasberg,Hotel,1061,2026-01-09
7d91f4ab-f6c5-4c26-8086-5c505e321e85,Diana Good,West Hannah,Flight,1823,2026-01-12
c73b2994-d719-4ba2-8eb4-3e75b2583084,Danny Roberson,New Dawn,Car,296,2026-02-28
af80fcf0-fb8a-4f78-833e-83f6cc086d34,Robin Russell,Ginaland,Car,1722,2026-01-10
466af1aa-db08-4e7b-b9f5-dc76c4695d16,Brandi Austin,Danielport,Car,124,2026-03-28
09f21d90-d4a5-4a6f-aea9-f65c2bc17a57,Tim Johnson,Rileyview,Car,1066,2026-01-25
590fd62d-8a48-446a-944f-3d9475da1778,Amanda Willis,North Bobfurt,Car,227,2026-01-14
4c3cecd4-181b-4da4-8c9a-f1f39df4d648,Christina Harvey,Wellstown,Hotel,250,2026-03-09
ee8de967-bfdf-412e-a8cf-31b9b77025cc,Laurie Freeman,Lake Kathrynview,Car,1885,2026-02-06
120039d4-6b90-4bf1-bf02-a9c3035a529b,Andrew Haas,West Brian,Hotel,875,2026-01-09
abfc36f3-f22f-4458-99bd-124c015e2908,James Powell,Markmouth,Car,1070,2026-04-02
ea813571-c191-44e7-bd38-11ff154e1f05,James Hawkins,North Brittanyberg,Hotel,1624,2026-03-07
35308db5-b9f4-4722-9106-7b864780f942,Christopher Hobbs,Lake Thomasburgh,Car,875,2026-01-04
34228322-85c7-4e20-a6d7-895924687d36,Sandra Henderson,Juliemouth,Car,1582,2026-01-13
8721c81c-dc4a-4c74-a428-b8279f4e70c8,Rebecca Irwin,West Brooke,Car,1255,2026-03-19
344ea0b5-aa57-49fe-af28-778251fa29fd,Paula Mora,Lake Loritown,Flight,867,2026-02-24
5555a74c-aee9-4f95-a3fe-39e7b3cdc51d,Michelle Gonzales,Lauraton,Hotel,1220,2026-02-05
53542b21-5f1c-4f64-a833-b0c3a98839da,Vincent Weeks,North Carlosshire,Flight,456,2026-03-30
c20abbc8-178b-45be-8e59-72b567c27c44,Scott Ford,West Tina,Hotel,902,2026-02-19
66b49900-e7db-4ad3-a673-701545fb8be5,Gregory Martinez,Matthewtown,Hotel,1386,2026-02-04
534d3afd-e42c-4eda-9fcb-03fcaebcb4f3,Shaun Underwood,Samuelport,Flight,1935,2026-04-03
7f3be44b-2ee6-4821-b558-d437a710a2be,Justin Steele,Bakerborough,Car,433,2026-01-11
b90fb8a1-9ef1-4ccf-96c0-b2b141d0a8ca,Claudia White,East Nancyville,Flight,604,2026-02-17
9a360033-f896-4f39-820e-4a6a6215a394,Michael Vaughn,Joneschester,Flight,1165,2026-01-12
f7163bfc-6a6d-450c-a595-71b3154483ee,Karen Kerr,Glennport,Hotel,1755,2026-01-28
8f3ea815-aa1b-44bf-b02f-b67c5575ea91,Sandra Morales PhD,Stephanieport,Car,466,2026-01-22
4d2da0c3-7ae2-43e2-849f-e2d7078757d0,Danny Mann,Holmesview,Hotel,1460,2026-01-31
ab53b8a9-b267-4ae7-810e-7e09e72032ed,Michael Miller,South Lindaton,Flight,1953,2026-01-23
1daa042d-4786-41f0-b6c1-368f30784c74,Steven Holland,Comptonport,Car,1412,2026-01-04
414a540e-7095-4fbc-bbc8-00cdd1b036bf,Joe Lee,North Carlos,Flight,1256,2026-03-01
5be9749f-e354-42b5-b61c-87020abe67fd,Jessica Calderon,South Hannahmouth,Hotel,351,2026-01-20
06ce754f-538c-4ac6-a3dd-2be81fe6b6e1,Jeremy Garcia,Lake Miahaven,Hotel,1227,2026-02-16
692255ca-d86a-4deb-be61-9fe28a2715b5,Lorraine Mckenzie,Velezmouth,Car,1315,2026-03-24
728bcaf9-356a-494b-bfd4-54b47879bc5a,Stephanie Dixon,Susanchester,Car,241,2026-02-12
d1ab8034-020c-43fb-aede-6e2aa6d31c38,Stephanie Mcdowell,North Brenda,Hotel,1785,2026-01-19
60b84667-9dd3-4e36-8b9d-4023686d2b03,Jason Gomez,South Kathy,Car,1455,2026-01-30
7296428c-f641-4f3f-a2e8-2c763fd3bdd8,Anna Adams,Wagnerland,Hotel,824,2026-04-07
a95239cf-735d-46b8-98b5-4efd14ede2a8,Regina Gordon,Jonesburgh,Hotel,1902,2026-01-16
da37a3ef-9f8e-4106-a8fe-bd1e79ed5599,Daniel Frazier,Millerland,Flight,1617,2026-03-17
5ef5ba48-6d7d-43c5-a80b-902990fefd03,Joanne Pineda,West Stacey,Car,570,2026-02-06
0a4c9468-6ed1-460a-849e-9ff512cef39c,Lisa Patterson,Dianachester,Hotel,1409,2026-03-24
bd11c1a8-ee95-4e54-8960-233b79cf9473,Melissa Contreras,Steinville,Car,463,2026-02-27
c030775e-5f71-4395-91b2-20ff94b05152,Charlotte Lopez,Jeffreyshire,Hotel,476,2026-03-31
bd9173bd-7e7e-4f4a-b047-967f352503fe,John Peterson,South Lisa,Car,165,2026-03-07
89827504-52f1-4e2c-9a71-5951a847ea1c,David Wells,Lake Cynthiamouth,Flight,999,2026-01-19
8367c8ab-65cb-4c71-9bd1-0db94e239653,Tristan Myers,New Sarah,Car,1196,2026-03-17
c5a931de-16bf-4d0f-a421-e2e7e320b0f8,Stephanie Rodriguez,Michaelfort,Flight,1337,2026-04-04
7dcc2749-8974-401e-b35b-9b77ce4e9b24,George Castillo,North Josephfurt,Car,1817,2026-03-21
104db2ae-f338-428c-9125-3bce9cedd3bf,Rhonda Webb,Odomchester,Flight,1061,2026-01-15
e3a9ce73-9db1-403e-ba18-e37e55b6d7cd,Dale Farley,Woodsport,Car,713,2026-02-28
27f95206-e41e-4f9f-a146-327ed47f7dcc,Debra Hopkins,Manuelmouth,Car,1395,2026-01-18
75114ac2-d9de-46ee-9993-facb420f561e,Antonio Thompson,Lake Donald,Hotel,1396,2026-01-29
d72e4841-be54-4136-a1ce-9f3c7071e661,Margaret Clark,Blanchardview,Flight,1718,2026-03-25
530ebd10-392a-47d9-9592-ce90f21c3f51,Jade Miller,Reginashire,Car,1871,2026-01-26
458ae408-146a-4315-bf7b-be80bfb37f40,Ryan Clark,Lake Regina,Hotel,1257,2026-03-23
313e5a55-bd14-418b-a91e-b192f0224938,Amber Ortiz,Mccanntown,Hotel,1181,2026-01-27
b8eef206-6fa6-4966-a24a-034efad8e12c,Brenda Grant,West Matthewside,Flight,1119,2026-02-28
1f6ae47e-23bf-4b91-a55a-571b088b46b7,David Fuller,Briannamouth,Flight,1902,2026-01-15
69e6d532-dc1b-44a6-b5c5-22ac08baadfe,Tracey Diaz,Johnburgh,Flight,480,2026-01-27
c6793ae1-2867-4c63-a2e8-4677ef98e0c2,Aaron Mccormick,East Ryan,Hotel,925,2026-01-10
c1312d27-4d82-450e-9edf-bf71fb41521f,Aaron Dodson,East Alexanderbury,Flight,1016,2026-02-12
ba82b656-a970-40be-9150-c0642961c035,Michael Contreras,Emilybury,Car,1164,2026-01-21
47df6c32-a64e-42d4-8fc2-08db0cfca163,Holly Brown,East Anthonymouth,Flight,862,2026-03-07
c1bbeafc-7751-4e6e-9641-0686ec6d5623,Dylan Crawford,East Sheila,Flight,116,2026-02-03
4c7d700d-8c3f-48e4-90a1-0934826b1e3e,Amanda Hopkins,East Jerry,Car,927,2026-01-24
fc9e8b31-1047-4e96-974b-176379078d45,Ashley Pruitt,Port Adrianaberg,Car,1340,2026-03-22
b86beb72-7151-4657-aecc-984b52972871,Edward Williams,Heidiborough,Hotel,781,2026-03-20
bba33945-2eb6-4c54-8af0-aea5e0eb3dbc,Debra Harrell,South Tarafurt,Flight,1741,2026-04-07
425c7031-5249-4c7d-9562-b72755232799,Ronald Farmer,East Rachelton,Hotel,706,2026-03-15
00fb9d8d-1204-4a5c-a881-d0f52e529c01,Kevin Phillips,New Crystal,Flight,1218,2026-01-03
f9a5e694-bf9f-4e4b-9b64-1ec83c921d13,William Mack,South Kelsey,Flight,1417,2026-01-30
0da5ddb7-5482-4a42-985f-e299265a5905,Amber Payne,West Tinahaven,Flight,621,2026-02-14
23dca96a-a83d-41cb-af04-fa3d8390299a,Joseph Farley,Lake Jennifer,Hotel,1743,2026-02-28
f881958e-c865-48c7-b00e-747e85068109,Natalie Harris,Gabrielaton,Hotel,1688,2026-01-24
7a08c4ce-abe9-4904-9436-ccdcd45e75ec,John Wagner,Lake Christopher,Flight,763,2026-02-27
2af3bfb6-c36e-4b84-a99a-92a34b1e0771,Gerald Mckenzie,Kevinport,Car,649,2026-02-02
75a0358f-d58f-4de9-9184-8557a120d05d,Angela Jones,Suttonside,Hotel,1002,2026-01-29
8884b409-1144-481f-9ac8-964ee441ef84,Brandon Herring,Mosston,Car,450,2026-03-06
78f6c1b7-3818-499f-abaa-d75335a79819,Erin Morris,Port Williammouth,Hotel,1449,2026-01-07
aa3e2e71-4bf4-4802-93d6-8b13cfbbb426,Angela Cabrera,North Nicholas,Car,1640,2026-04-09
504d7c18-961d-4dc6-a861-5c0c3a659070,Molly Rosario,Moseschester,Hotel,1690,2026-03-15
1a114ea5-550e-4693-9246-3f4731090730,Laura Smith,Powellside,Hotel,1368,2026-04-04
5021ea7b-938a-4972-878a-b78740d3bfbe,Kaylee Ayers,South Jennifer,Car,1051,2026-01-29
a5be815a-979c-4ada-a9d3-110f29840f9c,Dr. Andrew Brown,North Jim,Hotel,1809,2026-03-19
f540476e-9ea0-4cab-b1ff-3725ad608435,Brandon Taylor,West Patrickville,Flight,1667,2026-03-11
df59cba7-19af-4b55-b0ad-e8a7f29d3d13,Kimberly Cantu,Jessicatown,Flight,1484,2026-03-06
16a6b143-1c0b-40f7-969a-73d7ec3a2e1c,Chad Hogan,South George,Hotel,299,2026-03-12
522b0a34-5136-41dc-af92-e77f65c34a44,Sarah Torres,East Emily,Car,1197,2026-02-06
c6dc8188-f5f2-49e8-8a82-eb387897433e,Olivia Livingston,South Gerald,Flight,647,2026-04-06
ad4013bc-356b-4873-9d51-fd0c73a01d8c,Stacey Green,East Kimberly,Flight,1013,2026-01-21
55cbc4a3-ae42-40a1-8abf-ffc0c811cde5,Dawn Richardson,Hillport,Hotel,1172,2026-02-28
8498fec2-0ef9-4add-b87e-96a7a876b62f,Derek Mcintyre,Jarvisville,Hotel,1954,2026-03-13
806bab5c-06d3-4dad-b90c-e734d4e79d7d,Christina Miller,Donaldborough,Flight,532,2026-02-24
fac7b7f2-a7b3-4393-aedd-5cbad8527129,Kenneth Fisher DVM,New Eric,Hotel,1754,2026-01-22
18b96dc8-042d-45e8-bb6e-c21577b74089,Larry Wright,Shanefurt,Hotel,430,2026-02-06
88e4df46-435b-4485-8bff-4b6f31135d30,Brandon Phillips,Harmonport,Hotel,1405,2026-02-27
cc82c287-062d-4dc4-8fbb-2b8c0d024f73,Shelly Mason,North Shannon,Hotel,947,2026-03-26
4d083307-0070-4562-afa4-45d7ac184c92,Ann Smith,West Kellyport,Hotel,1318,2026-02-18
7d0e13fb-8446-4b37-886f-9c51228ba3c2,Derrick Jones,West Shelby,Car,867,2026-01-05
3d9d8612-84b4-40c1-af88-ceeaf177e774,Kelly Greene,Port Haileyfurt,Flight,1969,2026-04-03
d2b4b671-ca9c-48a8-a8bc-4746d2e370f7,Yesenia Cuevas,Fernandezburgh,Car,126,2026-04-06
61b6effa-5b07-4a5a-aa39-561d7c4ba412,Ms. Laura Kennedy DDS,North Cynthia,Car,224,2026-01-10
ea22a898-f0de-47bd-8b03-0d80ee53a714,Paul Jones,East Lynn,Hotel,1613,2026-01-17
d28af433-05a3-476e-b8f9-85f794209f72,Courtney Ellis,West Seanfurt,Flight,1993,2026-03-04
ce976d54-bcd7-4902-b7ae-293f6932e60b,Ashley Glover,Patelberg,Flight,402,2026-02-06
e479bdd9-b2b3-4a7c-b2e9-189b6513c83e,Michael White,Port Julie,Flight,648,2026-02-05
dad75f33-86ad-4c66-9ea7-eaee18c47ee0,Joseph Shaw,Rodriguezfurt,Flight,570,2026-02-02
a9124c21-f375-413e-825f-88b6bb6333fb,Christopher Webb,Lewishaven,Flight,1295,2026-03-30
006ec0b6-36be-4256-93ff-4c06cb34f39f,Steven Owens,Henryport,Hotel,126,2026-02-18
c1feb1ac-0fec-4072-86db-41220d322c9a,Terry Brown,Joshuaside,Hotel,626,2026-02-04
1a82c8e5-0a0b-497a-a7a5-60a30e17281d,Anthony Leonard,Lambfort,Car,340,2026-02-10
4e268cb6-d551-4808-ad02-7c64136b1d15,Julie Cooper,East Scott,Car,749,2026-02-11
a25b2b45-e656-4a94-8f87-08a2fe46e8ca,Glenn Smith,Angelamouth,Hotel,259,2026-04-06
1a1cb5e1-0a0f-416b-8148-31fbe28d19d3,Tiffany Huynh,West Christinastad,Flight,1944,2026-01-01
818c7625-8b54-4628-a3e2-5292a1348064,Sarah Beard,Brandonstad,Flight,1420,2026-03-03
2343f164-a513-4847-b9ea-9548983ad845,Richard Lee,Lake Johnberg,Hotel,832,2026-02-09
43d5a87d-dffd-4514-86bc-8d5b46244c99,Karen Ortiz,New Carriefort,Hotel,1721,2026-03-23
4b3fc36c-5a1f-4a4f-ada4-83ed1a866247,Matthew Ruiz,Markchester,Car,1793,2026-01-04
f4f0437d-c613-413c-839b-1d4945407bce,Michael Lopez,Derekmouth,Hotel,1184,2026-01-04
97ddfe49-42c7-44ac-ba1d-3488364373f5,Jesus Peterson,Dunnside,Car,1610,2026-02-21
478adc9e-2655-4cf5-b252-c09af5380031,Elizabeth Bryant,Shellyborough,Hotel,990,2026-03-28
de7e5e69-a71b-49ac-bf13-1223929e6a36,Zachary Vega,Lake Christine,Flight,1459,2026-01-11
a0a87bc8-5f3d-4a4f-9d41-b50a9f9fe085,Catherine Bailey,Vanessaville,Hotel,1465,2026-01-31
0383b4dc-cd46-4bc8-9ef4-45ada647ccfd,Anthony Wright,Lake Christophertown,Hotel,137,2026-03-06
cb20cc09-fc42-4f65-9096-11b5e487b448,Hailey Porter,Howardbury,Car,1975,2026-01-26
e2772e5e-ca5a-41a8-b49a-9cb19ad800c1,Rhonda Jackson,Joshuaport,Car,1310,2026-02-14
6cbdaece-4ca8-460c-87e1-056129ba9dc4,Judy Thomas,Lake Joanna,Car,1239,2026-02-26
a1e55ddc-8df4-4b49-9cbb-2c6784b8dbb3,Kristy Miller,Samuelhaven,Flight,288,2026-02-05
6d852fee-3a7f-4b09-a2e1-2a7ee69ecdc8,Anthony Peters,Christensenbury,Hotel,239,2026-03-11
ed17413f-02ba-40a2-88fb-cf0c1b3c2ee9,Tanya Mcbride,Williamsbury,Hotel,164,2026-02-28
de224208-94c1-4d4f-8e5a-7b246718b688,Claire Summers,Rebeccaland,Flight,423,2026-02-17
ac67b318-f3aa-4fbe-a746-4a7877e61ab6,Brenda Proctor,Lake John,Flight,692,2026-03-17
95edf0da-c69b-46f0-b8d3-4142ce045a49,Kathleen Waters,Latoyastad,Hotel,649,2026-02-03
973a8aca-803b-48ec-b181-c26028fedf1d,Jimmy Fletcher,South Jessicaton,Flight,750,2026-03-31
3d159915-cde9-4573-9306-c04940e9989f,Priscilla Travis,Sandersport,Flight,1379,2026-03-17
86a68a23-bff1-4a8b-9f06-7587d34f7631,Karen Gibbs,Flemingborough,Hotel,577,2026-03-05
cb8f59f1-250a-499e-98d4-8c7627d1fd55,Travis Gonzalez,Lake Douglasborough,Flight,1605,2026-03-03
d407dee7-0052-4ecd-95f3-9cacca92c032,Johnny Potter,Lake Samuelport,Flight,1940,2026-02-05
7eb958d0-f67a-41ad-88cf-073cc61bf4e0,Luke Fox,Lake Lisa,Flight,147,2026-02-17
d11bb998-9da8-47b7-9b9f-5a25027b2621,Bethany Walker,Port James,Hotel,1215,2026-01-11
620eaa19-a2ee-482b-9e74-1fd83ef9946b,Carolyn Brown,Port Nicholas,Hotel,465,2026-01-30
ec997dd2-b0cf-4933-bd49-81d86b57d0e4,Michelle Wright,Clarkville,Flight,991,2026-03-13
6e61abed-fd4e-469f-bc47-33a12a6fa9ae,Anthony Arnold,Munozhaven,Hotel,199,2026-03-26
fa70cde0-c28c-4f40-ae0a-ea3e4142e99a,George Mclaughlin,Rebeccatown,Hotel,148,2026-01-05
8b9c4b06-85d6-441f-a83c-7d931fc22837,Martha Butler,East James,Car,1509,2026-01-13
49f4753e-cb1b-4146-aa93-8e0b167ed3de,Jason Pope,South Denisehaven,Flight,267,2026-03-12
4ff5f711-f7f7-4a91-a8db-e7da4207ada8,Lisa Thomas,Port Reginald,Hotel,1542,2026-04-07
f385c071-999c-4196-9c3f-a08d73f55b96,Michael Rios,West Brookeside,Car,1599,2026-02-20
cfe4930e-36ea-4724-9457-2004cce1027e,Beverly Khan,North Davidside,Hotel,1630,2026-03-25
e7649ce5-581f-4bd9-872d-3d87677c964c,Chad Martin,Brianmouth,Car,850,2026-03-15
003397c6-89bf-4a36-8fec-acc08b246d73,Summer Obrien,Port Richardstad,Flight,717,2026-01-17
304b42bb-61b0-4bee-813b-7f07a55c8399,Billy Guerrero,South Aprilville,Car,154,2026-01-04
f4249d56-3d15-407f-9864-18579eed866b,Kristina Hunt,South Christopher,Flight,271,2026-02-03
980d39e7-ca94-49f3-add3-66fe6c8b8089,Daniel Gross,South Johnshire,Car,1002,2026-03-02
bc53f1f9-db72-4a21-9911-32b249577b21,Kelsey White,Davidfurt,Flight,391,2026-01-11
d4e274af-3473-48e3-b577-3e74b24ce304,Barbara Smith,North Michael,Hotel,204,2026-01-25
0831b34b-9f52-48c7-85f5-f118b4b56d49,Michael Barrett,Nicoleburgh,Flight,1723,2026-02-02
7499698c-ab70-4834-b6c3-53b91a5c4d38,Jonathan Gardner,Lake Spencerview,Flight,443,2026-01-17
a118e14e-bc5e-49d9-b235-9c479eb50d3a,Theresa Conway,North Michael,Flight,1877,2026-02-08
c733c0d1-8375-4e3c-bba1-b28cde90575f,Christopher Hopkins,South Bradtown,Car,658,2026-03-24
1836e354-21cc-4627-965c-5c588175495a,Joshua Leon,Port Ryanside,Hotel,1529,2026-03-22
d13bfe74-0605-48da-866c-1e6aee297380,Allison Sims,Daisyhaven,Flight,893,2026-02-26
9cecef5c-2be5-45e2-8386-d069d461ff30,James Reynolds,Costaville,Flight,773,2026-01-19
927c5217-e54f-4735-9816-bc675a76c73c,Joshua May,South Robertland,Hotel,272,2026-01-31
081df404-e26a-4a0c-b632-b27767a99c7a,Sheila Brooks,East Jessicaborough,Flight,1140,2026-01-28
d3e292c3-5b4a-4975-8562-7471e7cbec01,Holly Li,Port Samantha,Hotel,1490,2026-01-12
5db2b62e-5274-4c55-bcd2-693f6b5b2cee,David Green,Gonzalezberg,Car,654,2026-03-18
e1e358be-6ec4-4d77-9f39-47dc87347321,Amanda Johnson,Perezberg,Flight,1361,2026-01-27
1cc991df-d65b-48f8-b369-f890a8894fca,Nicole Kim,Seanberg,Car,1299,2026-01-24
aa10f988-c579-4362-bd9c-5748f3b28648,Christopher Morris,Thomasview,Car,1019,2026-01-24
cba96552-680c-4eaa-9d16-200df7ffaae3,Virginia Mcfarland,Wrightburgh,Car,658,2026-01-16
c0a30804-c17d-4be1-9131-d3e154c66b46,Jeffrey Kim,Thomasmouth,Hotel,956,2026-03-19
3fcb94a3-2dc2-4efc-b9dc-c73ca3ecd5bc,Richard Carter,Diazport,Flight,375,2026-03-01
f20681a4-b987-4ff5-865c-0c0866704c23,Kathleen Smith,East Natashaland,Flight,273,2026-01-06
9ba2d225-89ad-44d5-88a8-ba0864849c2f,Jared Ball,South Charlesbury,Flight,567,2026-01-18
50bb41b7-c6c3-4914-b84c-6a6da412c5df,Margaret Tate,New Natalie,Hotel,284,2026-01-11
412a113b-bb79-4f3c-9c5a-ff5a18e64a9c,Ricky Moore,Patelmouth,Hotel,1359,2026-03-22
88c9ceb7-caae-419c-8099-ca753a1b6549,Judith Owens,Nealtown,Flight,930,2026-03-03
803b341c-63ca-4527-85fc-342763026daf,Katherine Williams,South Davidhaven,Flight,119,2026-01-18
312d3ce5-7397-4a08-8fac-dac4125d41e1,Henry Jackson,West Allisonfurt,Car,724,2026-02-22
6c033880-34fa-4c09-acb6-654f47a7273d,Sherry Martinez,North Melindaport,Hotel,2000,2026-03-03
954f4b5d-b2ce-401c-8cef-cd5652487d59,Tracy Graham,Taylorhaven,Car,251,2026-01-25
4565e9a0-d6b7-4dbd-8422-b8bf1aa3cef7,Tyler Long,Levymouth,Hotel,1613,2026-01-01
6d5a6236-150d-4a9c-b7dd-cb30b5ff34fe,Andrea King,East Martinbury,Hotel,1348,2026-01-17
3c0f60d2-8f2d-4de4-9fd3-9dac1ab5c71c,Ray Davis,Andrebury,Car,1611,2026-03-23
dbf6e2b2-e7b6-45d2-a2a4-84701507a9e5,Ryan Thomas,Masonville,Hotel,1880,2026-02-26
2c4817ce-fc6d-4891-aee7-8b6ac98f359a,Mary Taylor,Samanthaton,Car,1140,2026-02-14
9cf7b438-8580-4ff7-949d-b2a232c5db1c,Philip Woodard,South John,Car,1245,2026-02-20
14e87e54-3de1-455f-9422-682df87410b0,Timothy Sanchez,Andersonport,Flight,112,2026-03-21
28b3f835-4ee5-4350-9cab-95a83154b24c,Ryan Swanson,Port Taylorbury,Flight,1534,2026-03-12
7811bd91-647b-400e-90f0-f331319445e2,Justin Spears,Andrewmouth,Hotel,1371,2026-01-24
b93730f4-d44e-4f84-8c27-8616dd9b93f4,Larry Harvey,South Anthony,Hotel,976,2026-04-02
ffb53db7-71df-4d6e-845e-89fae762b5cc,Eddie Jenkins,New Elizabethfort,Flight,1289,2026-02-14
6a56f460-c92c-4dd9-860b-0c753043f636,Louis Everett,Port Rebecca,Flight,246,2026-02-17
878aa4ce-8c13-42eb-8694-32e3e6b526af,Shannon Robinson,East Rebeccachester,Hotel,1545,2026-02-14
e9daf718-a4f2-4e38-997d-988d7fa242bc,Paul Pittman,Caseychester,Hotel,990,2026-01-15
f695fab4-ef3a-4e73-b5cd-d49f49e50dab,Courtney Thomas,Perezburgh,Flight,206,2026-03-17
71715d38-43b3-4ade-a6e1-99fc70f01a54,Mary Lyons,Gabrielaview,Hotel,1011,2026-02-02
bb9b1260-818f-435c-9e1f-3e5510c61063,Patricia Sanchez,Reedshire,Flight,430,2026-03-21
2d8b2612-9813-47c2-b35b-ec533c54a2de,Kimberly Wells,North Derek,Car,1456,2026-01-13
28cfb90c-84b3-4c74-946d-69ca0bae9f58,George Davis,Leeland,Car,731,2026-04-06
ccceb668-e284-4cec-a8a0-6cfe3ffece2f,Madison Crosby,West Aaron,Flight,201,2026-02-10
64a54931-a36e-4eb4-9b52-c580fa73064a,Robert Jackson,New Daniel,Hotel,1973,2026-03-22
6a5873d7-01ba-4965-a0fe-3928b5764c3d,Scott Tapia,Lake Christopher,Flight,1662,2026-01-06
350e9cea-5c89-4399-9586-2ea0a8b68759,Shelby Strickland,Whiteport,Car,1643,2026-04-03
fbc1f275-92e2-4683-8ebb-d2bd5afc3ab3,Stephen Gonzalez,Brianchester,Hotel,1751,2026-01-16
5e279ffe-7cde-461f-ae34-b692997c170f,Deborah Sanchez,West Derrick,Car,749,2026-01-16
bd613a08-a673-4137-a25b-45f0223f2a96,Daniel Conrad,East Mark,Hotel,1017,2026-01-12
ceb2cc13-0377-46ea-aa2c-2387f0854d38,Melanie Fields,New David,Hotel,1233,2026-02-27
2be071e9-fff6-4038-b946-c9d54679541f,Allison Wong,North Corey,Car,1179,2026-01-18
3b247fed-ebf5-4180-849f-ed16a9059391,James Hahn,Jonathanview,Car,879,2026-02-10
09b4339b-5e7b-4027-8423-3ae1f8fabd70,Amy Phillips,Joseville,Flight,1671,2026-02-15
75566618-572e-4276-9057-a22b447c4ef1,Amanda Johnson,West Jessica,Car,1166,2026-01-09
69ecd6a9-f832-4fb4-899d-b842e1fadc93,James Brown,New Bryan,Hotel,1572,2026-03-06
28efdf27-9ba2-4935-9843-638eefb2e08f,Monica Hernandez,East Kathrynshire,Flight,420,2026-03-18
3cca9190-8691-435f-9d43-1f2d0dae3312,Melissa Warren,Jamesview,Hotel,1715,2026-01-11
00a3246c-ee06-40ee-9d59-d169d94345a5,Lindsey Peterson,Donaldport,Car,410,2026-02-18
fc4e09a7-f60a-4453-a058-d81b69243681,Timothy Lopez,Sandrafort,Flight,651,2026-01-14
8399506b-3e1d-4c11-b07a-a2f83582f120,Robert Garcia,West Mitchell,Hotel,1130,2026-01-07
ed4059ef-8789-4220-a996-a7e370dd28a3,Trevor Franklin,Trevinochester,Hotel,207,2026-03-04
8cc18069-cf05-4a0f-a7a5-1953ca0e05be,Tara Wright,Moorefurt,Car,1315,2026-01-14
9dfdccd0-a034-4fe4-839b-49b806da920c,Lindsay Reilly,Wheelerhaven,Hotel,139,2026-02-22
1fed7164-12b8-48fe-b975-9cb17e2f7549,Elizabeth Wiggins,Port Robert,Hotel,745,2026-01-29
0732007c-13a1-4d50-89f4-0fc475daf573,Erica Deleon,South Phillip,Flight,1289,2026-02-16
115a13ab-5d79-43ca-bfef-28c4b69df5c1,Francisco Olson,North Marktown,Car,1937,2026-02-07
e3e66fce-9cfd-4747-beee-0220bf895324,Shannon Nelson,South Paula,Hotel,1828,2026-02-06
1b6506a2-0026-4e4a-81d7-d043501da58c,Mckenzie Sweeney,Buckport,Hotel,1015,2026-03-29
3e9b3fab-b45a-4ea2-b0ee-ea338d29d767,Kendra Mason,South Danielland,Car,623,2026-01-20
1f4153b9-fb43-44e9-b876-a683f2cc2a26,April Fowler,Coopershire,Car,1809,2026-01-13
548b92da-8b19-48f8-8233-8034d6a6cc81,Brenda Neal,Cynthiastad,Flight,430,2026-01-09
1a358379-e146-4410-a911-f6eb7c0d88b7,Anthony Marquez,South Emilyside,Flight,344,2026-01-05
d3ae3ec8-270b-4d8a-8068-ea18ec4f863e,Mrs. Frances Anderson,Heatherside,Hotel,1914,2026-01-04
d26a5607-228d-4a38-b3e4-fdb7f816b935,Dr. Chad Morris,South Michael,Hotel,229,2026-04-09
1899920c-ef29-49c5-a334-aa1442a20d40,Paul White,New Kelly,Car,405,2026-02-18
32522e6b-e708-4975-97bc-299525169c38,Patricia Harding,Cunninghamberg,Car,1965,2026-01-20
4046e4e5-d485-4586-bed1-92bf85ab6e18,Victor Brown,North Kylemouth,Hotel,719,2026-04-02
75ca2862-3b86-4825-a046-b85abefc933b,Amber Hernandez,Garzaland,Hotel,1805,2026-04-01
7a718863-233b-4b25-a04b-6576528a917f,Madison Hughes,Aaronville,Hotel,1721,2026-03-09
30a238d2-4f60-40f6-a3d3-e99505407ef5,David Ritter,East Charles,Flight,1617,2026-01-11
0135a690-c382-40de-886e-bb63a23ce90a,Raymond White,Mannhaven,Car,1024,2026-01-30
710d52ec-def7-40cc-ad86-6fca4a959c0b,Erika Colon,Thompsonfort,Car,1050,2026-01-03
a12fc8f6-bdfc-4246-8c42-01232af67589,Michelle Powell,South Danielleburgh,Hotel,703,2026-03-01
6843efda-c3a4-42e1-a03a-beefd92d1a2e,Jesus Rosario,Staceyburgh,Car,1526,2026-01-06
df9246d7-12f6-408e-9245-1057c7147904,Michael Webster,Port Amandashire,Flight,636,2026-03-17
effacd28-7c26-46d0-b568-28d8481127a2,Denise Solomon,New Brianfurt,Car,1074,2026-02-03
7ba62e02-4d90-49ff-89ea-b1bf28ac06c8,Robert Peck,Salasville,Car,1623,2026-01-02
33f5b3b2-eda9-492e-9366-4ac072c5f6ac,Charlotte Carlson,New Anthonyville,Hotel,1743,2026-03-01
e39a86fd-2ac1-4f9f-9b67-219c6fc7bdac,Robert Fernandez,Oconnormouth,Hotel,182,2026-02-24
2d14bcfb-66c4-4104-9552-2479c8ba214a,Pamela Hickman,Williamsmouth,Hotel,1822,2026-02-23
41639499-8603-4faa-8c84-b7c11fc8cc7d,Shelby Thompson,West Dillon,Car,1242,2026-02-27
b9b376cb-cf33-4851-99f3-0f4dd99cbb9f,Jonathan Eaton,Garystad,Car,1047,2026-02-05
6477c75d-b90f-4763-b2bd-82dac981d265,Sharon Lane,New Rebeccaborough,Flight,1764,2026-02-21
67682901-a791-49e6-b71d-b4fa8d95ec6c,Christian Benitez,Port Monica,Flight,1915,2026-01-26
ff31caa5-699e-4366-84c8-83301bec1de0,Veronica White,New Kimberlybury,Hotel,552,2026-02-16
ad7170ca-0e6e-4fc8-a105-99825d4194d1,David Wallace,North Randymouth,Hotel,1709,2026-03-15
d4d80747-e0ad-44ba-a31f-3c33e7ae6ee2,Angela Fox,East Troy,Car,1280,2026-02-21
04026f85-8768-46d2-b889-74f71a8242d3,Dr. Lynn Smith,West Kyle,Hotel,1201,2026-01-15
a7cc77a0-94fb-4b7e-834b-3d9e0eafebc1,Eddie Miller,East Michael,Hotel,1302,2026-03-07
32d52ee2-d90f-4bd8-8c79-45fd180d45d9,Sarah Rose,East Hollystad,Car,1510,2026-01-20
0ba0fad5-fb1a-404b-a34c-bca5fb27771b,Garrett Arellano,New Catherinemouth,Hotel,1972,2026-01-06
3ced1df1-2267-48b3-8a8f-5619ebea0f0d,Anthony Huff,Rojaschester,Car,446,2026-01-02
2e420e9e-d998-446e-a764-dbe40c4ee5e0,Thomas Turner,Charleshaven,Flight,1419,2026-01-08
331a5592-2b29-46a4-953e-326fd855f385,Marcus Banks,Boyerstad,Car,1539,2026-03-25
1579b73f-8056-452f-aa9e-247218ad8e72,Wesley Whitaker,Phillipsburgh,Car,1764,2026-03-27
eeb9cc61-ef26-4151-88df-353dd8a07ade,Michelle Hughes,West Jennifer,Flight,360,2026-01-31
1a8bb9a5-dfd3-42cd-8ffb-5d169e2b216a,Zachary Johnson,Port Kenneth,Flight,715,2026-03-01
0258d8e3-b540-4a80-9b03-e75374ae14b0,Brandon Marshall,Bergborough,Car,417,2026-02-13
